Workbook

Sheet TAZMİNAT TAKİP
A1: İSİM | B1: TARİH | C1: PLAN | D1: İŞLEM | E1: AÇIKLAMA | F1: TUTAR
A2: İBRAHİM AKYOL | B2: 44209 | D2: TAHAKKUK | F2: 30800
A3: İBRAHİM AKYOL | B3: 44209 | D3: ÖDEME | F3: -5000
A4: İBRAHİM AKYOL | B4: 44245 | D4: ÖDEME | F4: -5000
A5: İBRAHİM AKYOL | B5: 44273 | D5: ÖDEME | F5: -10000
A6: İBRAHİM AKYOL | B6: 44343 | D6: ÖDEME | F6: -3500
A7: İBRAHİM AKYOL | B7: 44413 | D7: ÖDEME | F7: -4000
A8: İBRAHİM AKYOL | D8: ÖDEME
A9: ÇETİN ERGİN | B9: 44255 | D9: TAHAKKUK | F9: 4391
A10: ÇETİN ERGİN | D10: ÖDEME | F10: -4391
A11: ÖMER KÖROĞLU | B11: 44242 | D11: TAHAKKUK | F11: 10478.42
A12: ÖMER KÖROĞLU | B12: 44326 | D12: ÖDEME | F12: -5000
A13: ÖMER KÖROĞLU | D13: ÖDEME | F13: -5478.42
A14: FEZAİL ÇAPKIN | D14: TAHAKKUK | E14: Arabuluculuk | F14: 6500
A15: FEZAİL ÇAPKIN | B15: 44250 | D15: ÖDEME | F15: -3250
A16: FEZAİL ÇAPKIN | B16: 44278 | D16: ÖDEME | F16: -3250
A17: RÜSTEM ÜLFEN | B17: 44357 | D17: TAHAKKUK | F17: 4354.24
A18: RÜSTEM ÜLFEN | D18: ÖDEME | F18: -2000.24
A19: RÜSTEM ÜLFEN | D19: ÖDEME | F19: -2354
A20: BEKİR TAŞÇILAR | B20: 44335 | D20: TAHAKKUK | F20: 3000
A21: BEKİR TAŞÇILAR | D21: ÖDEME | F21: -1000
A22: BEKİR TAŞÇILAR | D22: ÖDEME | F22: -2000
A23: IŞIL UZAN | B23: 43979 | D23: TAHAKKUK | F23: 13720.35
A24: IŞIL UZAN | D24: ÖDEME | F24: -10020.35
A25: IŞIL UZAN | D25: ÖDEME | F25: -7000
A26: MELİK KAHRAMAN | B26: 44805 | D26: TAHAKKUK | F26: 9570
A27: MELİK KAHRAMAN | B27: 44805 | D27: ÖDEME | F27: -4570
F29: =SUBTOTAL(109,Tablo3[TUTAR]) -> 5000

Sheet AyrılanPersonelListesi
A1: PERSONEL | B1: MAAŞ TUTARI | C1: DURUM | D1: GÖREV | E1: GERÇEK MAAŞ | F1: SGK M. | G1: SGK FM. | H1: Eksik Gün-Kesinti | I1: yi | J1: Sütun1 | K1: Durum2 | L1: SSK FRM | M1: TC KİMLİK NO | N1: MÜŞT. NO | O1: EK | P1: İşe B. Tar.
A2: BEKİR TAŞÇILAR | B2: 547 | C2: EMEKLİ | D2: _ŞOFÖR | E2: 3600 | F2: 547 | G2: 0 | H2: 25 | I2: =SUMIF(bordro[Personel],personelListesiGuncel[[#This Row],[PERSONEL]],bordro[Yİ]) -> 0 | K2: Çıktı | L2: Y KUM | M2: 18274523170 | N2: 95532068 | O2: 1
A3: RÜSTEM ÜLFEM | B3: 3600 | C3: ÇALIŞAN | D3: _ELEMAN | E3: 3600 | F3: 3100 | G3: 500 | I3: =SUMIF(bordro[Personel],personelListesiGuncel[[#This Row],[PERSONEL]],bordro[Yİ]) -> 0 | K3: Çıktı | L3: Y KUM | M3: 39617231002 | N3: 95532072 | O3: 1
A4: NECDET ÇALIK | B4: 3353.97 | C4: ÇALIŞAN | D4: _BEKÇİ | E4: 3353.97 | F4: 3053.97 | G4: 300 | I4: =SUMIF(bordro[Personel],personelListesiGuncel[[#This Row],[PERSONEL]],bordro[Yİ]) -> 0 | K4: Çıktı | L4: HALİL Y | M4: 40340193420 | N4: 97253706 | O4: 1 | R4: 4000
A5: MESUT ÇAVDAR | B5: =personelListesiGuncel[[#This Row],[SGK M.]]+personelListesiGuncel[[#This Row],[yi]] -> 1670 | C5: EMEKLİ | D5: _ŞOFÖR | E5: 6000 | F5: 4253 | G5: 0 | H5: 1.000 kesiniti | I5: =SUMIF(bordro[Personel],personelListesiGuncel[[#This Row],[PERSONEL]],bordro[Yİ]) -> 0 | K5: Çalışan | L5: Y KUM | M5: 11707921468 | N5: 94987081 | O5: 1
A6: YILMAZ YILMAZ | B6: =personelListesiGuncel[[#This Row],[SGK M.]]+personelListesiGuncel[[#This Row],[yi]] -> 40000 | C6: EMEKLİ | D6: _ŞOFÖR | E6: 6000 | F6: 0 | G6: 0 | H6: 30 | I6: =SUMIF(bordro[Personel],personelListesiGuncel[[#This Row],[PERSONEL]],bordro[Yİ]) -> 0 | K6: Çalışan | L6: Y KUM | M6: 15394555838 | N6: 95580195 | O6: 1
A7: YAVUZ YILMAZ | B7: =personelListesiGuncel[[#This Row],[SGK M.]]+personelListesiGuncel[[#This Row],[yi]] -> 22104 | C7: ÇALIŞAN | D7: _KANTAR | E7: 6000 | F7: 4253.39 | G7: 477 | I7: =SUMIF(bordro[Personel],personelListesiGuncel[[#This Row],[PERSONEL]],bordro[Yİ]) -> 0 | K7: Çalışan | L7: HALİL Y | M7: 39043021192
A8: ŞİRİN GENCE | B8: =personelListesiGuncel[[#This Row],[SGK M.]]+personelListesiGuncel[[#This Row],[yi]] -> 1603 | C8: ÇALIŞAN | D8: _BEKÇİ | E8: 4730.4 | F8: 4253.4 | G8: 477 | H8: İcra 1/4 -1.000 | I8: =SUMIF(bordro[Personel],personelListesiGuncel[[#This Row],[PERSONEL]],bordro[Yİ]) -> 0 | K8: Çalışan | L8: HALİL Y | M8: 66385338732 | N8: 96717247 | O8: 1
A9: MELEKNUR YILMAZ | B9: =personelListesiGuncel[[#This Row],[SGK M.]]+personelListesiGuncel[[#This Row],[yi]] -> 2335 | C9: ÇALIŞAN | D9: _MUHASEBE | F9: 4250 | G9: 0 | H9: 0 | K9: =SUMIF(bordro[Personel],personelListesiGuncel[[#This Row],[PERSONEL]],bordro[Yİ]) -> 0 | L9: Çalışan | M9: HALİL Y | N9: 64996156028 | O9: 95539771 | P9: 1
A10: AJDA ÖZENER | B10: =personelListesiGuncel[[#This Row],[SGK M.]]+personelListesiGuncel[[#This Row],[yi]] -> 2000 | C10: ÇALIŞAN | D10: _AİLE | F10: 5500 | G10: 5500 | H10: 0 | K10: =SUMIF(bordro[Personel],personelListesiGuncel[[#This Row],[PERSONEL]],bordro[Yİ]) -> 0 | L10: Çalışan | M10: HALİL Y | N10: 22093575890 | O10: 96260905 | P10: 1
A11: AYŞEGÜL OZANER | B11: =personelListesiGuncel[[#This Row],[SGK M.]]+personelListesiGuncel[[#This Row],[yi]] -> 35000 | C11: ÇALIŞAN | D11: _AİLE | F11: 5500 | G11: 5500 | H11: 0 | K11: =SUMIF(bordro[Personel],personelListesiGuncel[[#This Row],[PERSONEL]],bordro[Yİ]) -> 0 | L11: Çalışan | M11: HALİL Y | N11: 30148302742 | O11: 97726066 | P11: 1
A12: ALFİA FERMAN | B12: =personelListesiGuncel[[#This Row],[SGK M.]]+personelListesiGuncel[[#This Row],[yi]] -> 33000 | C12: ÇALIŞAN | D12: _AİLE | F12: 5500 | G12: 5500 | H12: 0 | K12: =SUMIF(bordro[Personel],personelListesiGuncel[[#This Row],[PERSONEL]],bordro[Yİ]) -> 0 | L12: Çalışan | M12: HALİL Y | N12: 74524099696
A13: ORHAN UZUN | B13: =personelListesiGuncel[[#This Row],[SGK M.]]+personelListesiGuncel[[#This Row],[yi]] -> 0 | C13: ÇALIŞAN | D13: _OPERATÖR | E13: 7200 | F13: 5500 | G13: 550 | I13: =SUMIF(bordro[Personel],personelListesiGuncel[[#This Row],[PERSONEL]],bordro[Yİ]) -> 0 | K13: Çalışan | L13: HALİL Y | M13: 59233322526 | N13: 96712272 | O13: 1
A14: MELİK KAHRAMAN | B14: 997.61 | C14: EMEKLİ | D14: _ŞOFÖR | E14: 50 | F14: 8000 | G14: 997.61 | H14: 0 | I14: 25 | J14: 16 | K14: Çalışan | L14: HALİL Y | M14: 13345619462 | N14: 97522183 | O14: 1 | Q14: MELİK KAHRAMAN | R14: 997.61
A15: KERİM ŞİMŞEK | B15: 997.61 | C15: EMEKLİ | D15: _ŞOFÖR | E15: 50 | F15: 7500 | G15: 997.61 | H15: 0 | I15: 25 | J15: 0 | K15: Çalışan | L15: Y KUM | M15: 27172394690 | N15: 95702622 | O15: 1 | Q15: RAMAZAN TUNCER | R15: 5500.35
A16: BEKİR TAŞÇILAR | B16: =personelListesiGuncel[[#This Row],[SGK M.]]+personelListesiGuncel[[#This Row],[yi]] -> 15000 | C16: EMEKLİ | D16: _ŞOFÖR | E16: 80 | F16: 12500 | G16: 9144.81 | H16: 0 | J16: =SUMIF(bordro[Personel],personelListesiGuncel[[#This Row],[PERSONEL]],bordro[Yİ]) -> 0 | K16: Çıktı | L16: HALİL Y | M16: 18274523170 | N16: 95532068 | O16: 1 | Q16: ŞİNASİ VURAL POLAT | R16: 0 | S16: 0
A17: DENİZ DALKILINÇ | B17: =personelListesiGuncel[[#This Row],[SGK M.]]+personelListesiGuncel[[#This Row],[yi]] -> 1603 | C17: ÇALIŞAN | D17: _ŞOFÖR | E17: 80 | F17: 14500 | G17: 9460.77 | H17: 0 | J17: =SUMIF(bordro[Personel],personelListesiGuncel[[#This Row],[PERSONEL]],bordro[Yİ]) -> 0 | K17: Çıktı | L17: HALİL Y | M17: 38614007368 | N17: 97665848 | O17: 1 | Q17: DENİZ DALKILINÇ | R17: 4070.25 | S17: 14500
I18: =SUMIF(bordro[Personel],personelListesiGuncel[[#This Row],[PERSONEL]],bordro[Yİ]) -> 0
I19: =SUMIF(bordro[Personel],personelListesiGuncel[[#This Row],[PERSONEL]],bordro[Yİ]) -> 0
A20: TOPLAM | B20: =SUBTOTAL(109,personelListesiGuncel8[MAAŞ TUTARI]) -> 163811.19 | E20: =SUBTOTAL(109,personelListesiGuncel8[GERÇEK MAAŞ]) -> 40744.37 | F20: =SUBTOTAL(109,personelListesiGuncel8[SGK M.]) -> 88210.76 | G20: =SUBTOTAL(109,personelListesiGuncel8[SGK FM.]) -> 39404.8 | H20: =SUBTOTAL(109,personelListesiGuncel8[Eksik Gün-Kesinti]) -> 55 | I20: =SUBTOTAL(109,personelListesiGuncel8[yi]) -> 50

Sheet PersonelListesi
A1: PERSONEL | B1: MAAŞ TUTARI | C1: DURUM | D1: GÖREV | E1: FM Saat Ücr. | F1: GERÇEK MAAŞ | G1: SGK M. | H1: yi | I1: Durum2 | J1: SSK FRM | K1: TC KİMLİK NO
A2: ABDULLAH KARAHANCI | B2: =personelListesiGuncel[[#This Row],[SGK M.]]+personelListesiGuncel[[#This Row],[yi]] -> 40000 | C2: ÇALIŞAN | D2: _MUHASEBE | F2: 57500 | G2: 40000 | H2: =SUMIF(bordro[Personel],personelListesiGuncel[[#This Row],[PERSONEL]],bordro[Yİ]) -> 0 | I2: Çalışan | J2: HALİL Y | K2: 28699369338
A3: DURSUN DURMUŞ | B3: =personelListesiGuncel[[#This Row],[SGK M.]]+personelListesiGuncel[[#This Row],[yi]] -> 2670 | C3: EMEKLİ | D3: _D.ELEMAN | E3: 230 | F3: 75000 | G3: 2670 | H3: =SUMIF(bordro[Personel],personelListesiGuncel[[#This Row],[PERSONEL]],bordro[Yİ]) -> 0 | I3: Çalışan | J3: HALİL Y | K3: 17630785580
A4: RAMAZAN TUNCER | B4: =personelListesiGuncel[[#This Row],[SGK M.]]+personelListesiGuncel[[#This Row],[yi]] -> 22104 | C4: ÇALIŞAN | D4: _MUHASEBE | F4: 22104 | G4: 22104 | H4: =SUMIF(bordro[Personel],personelListesiGuncel[[#This Row],[PERSONEL]],bordro[Yİ]) -> 0 | I4: Çalışan | J4: HALİL Y | K4: 55186680706
A5: SÜLEYMAN İP | B5: =personelListesiGuncel[[#This Row],[SGK M.]]+personelListesiGuncel[[#This Row],[yi]] -> 1670 | C5: ÇALIŞAN | D5: _D.ELEMAN | E5: 200 | F5: 48000 | G5: 1670 | H5: =SUMIF(bordro[Personel],personelListesiGuncel[[#This Row],[PERSONEL]],bordro[Yİ]) -> 0 | I5: Çalışan | J5: HALİL Y | K5: 21242693324
A6: ŞENOL DURMUŞ | B6: =personelListesiGuncel[[#This Row],[SGK M.]]+personelListesiGuncel[[#This Row],[yi]] -> 40000 | C6: ÇALIŞAN | D6: _D.ELEMAN | E6: 250 | F6: 52000 | G6: 40000 | H6: =SUMIF(bordro[Personel],personelListesiGuncel[[#This Row],[PERSONEL]],bordro[Yİ]) -> 0 | I6: Çalışan | J6: HALİL Y | K6: 17159801204
A7: CUMA HAVAN | B7: =personelListesiGuncel[[#This Row],[SGK M.]]+personelListesiGuncel[[#This Row],[yi]] -> 22104 | C7: ÇALIŞAN | D7: _D.ELEMAN | F7: 34500 | G7: 22104 | H7: =SUMIF(bordro[Personel],personelListesiGuncel[[#This Row],[PERSONEL]],bordro[Yİ]) -> 0 | I7: Çalışan | J7: HALİL Y | K7: 36826974454
A8: EJDER COŞGUNOĞLU | B8: =personelListesiGuncel[[#This Row],[SGK M.]]+personelListesiGuncel[[#This Row],[yi]] -> 1603 | C8: ÇALIŞAN | D8: _D.ELEMAN | F8: 34500 | G8: 1603 | H8: =SUMIF(bordro[Personel],personelListesiGuncel[[#This Row],[PERSONEL]],bordro[Yİ]) -> 0 | I8: Çalışan | J8: HALİL Y | K8: 17917837216
A9: VEYSEL DUYMAZ | B9: =personelListesiGuncel[[#This Row],[SGK M.]]+personelListesiGuncel[[#This Row],[yi]] -> 2335 | C9: EMEKLİ | D9: _OPERATÖR | E9: 250 | F9: 46000 | G9: 2335 | H9: =SUMIF(bordro[Personel],personelListesiGuncel[[#This Row],[PERSONEL]],bordro[Yİ]) -> 0 | I9: Çalışan | J9: HALİL Y | K9: 23764482950
A10: MUSTAFA KAHRAMAN | B10: =personelListesiGuncel[[#This Row],[SGK M.]]+personelListesiGuncel[[#This Row],[yi]] -> 2000 | C10: ÇALIŞAN | D10: _ŞOFÖR | E10: 200 | F10: 43000 | G10: 2000 | H10: =SUMIF(bordro[Personel],personelListesiGuncel[[#This Row],[PERSONEL]],bordro[Yİ]) -> 0 | I10: Çalışan | J10: HALİL Y | K10: 25672444846
A11: DURSUN ALİ NAZİK | B11: =personelListesiGuncel[[#This Row],[SGK M.]]+personelListesiGuncel[[#This Row],[yi]] -> 35000 | C11: ÇALIŞAN | D11: _MÜHNEDİS | F11: 57500 | G11: 35000 | H11: =SUMIF(bordro[Personel],personelListesiGuncel[[#This Row],[PERSONEL]],bordro[Yİ]) -> 0 | I11: Çalışan | J11: HALİL Y | K11: 51994540164
A12: CİHAN DUYMAZ | B12: =personelListesiGuncel[[#This Row],[SGK M.]]+personelListesiGuncel[[#This Row],[yi]] -> 33000 | C12: ÇALIŞAN | D12: _KANTAR | E12: 200 | F12: 40000 | G12: 33000 | H12: =SUMIF(bordro[Personel],personelListesiGuncel[[#This Row],[PERSONEL]],bordro[Yİ]) -> 0 | I12: Çalışan | J12: HALİL Y | K12: 23713484608
A13: YILMAZ YILMAZ | B13: =personelListesiGuncel[[#This Row],[SGK M.]]+personelListesiGuncel[[#This Row],[yi]] -> 0 | C13: EMEKLİ | D13: _ŞOFÖR | E13: 200 | F13: 40000 | G13: 0 | H13: =SUMIF(bordro[Personel],personelListesiGuncel[[#This Row],[PERSONEL]],bordro[Yİ]) -> 0 | I13: Çıktı | J13: HALİL Y
A14: OSMAN BİLGİN | C14: EMEKLİ | D14: _ŞOFÖR | F14: 40000 | G14: 0 | H14: =SUMIF(bordro[Personel],personelListesiGuncel[[#This Row],[PERSONEL]],bordro[Yİ]) -> 0
A15: MEHMET ALİ ALTINOK | B15: 2333.4 | C15: EMEKLİ | D15: _OPERATÖR | F15: 50000 | G15: 2335 | H15: =SUMIF(bordro[Personel],personelListesiGuncel[[#This Row],[PERSONEL]],bordro[Yİ]) -> 0
A16: ALİM MEDETOĞULLARI | B16: =personelListesiGuncel[[#This Row],[SGK M.]]+personelListesiGuncel[[#This Row],[yi]] -> 15000 | C16: ÇALIŞAN | D16: _TAMİR | E16: 230 | F16: 15000 | G16: 15000 | H16: =SUMIF(bordro[Personel],personelListesiGuncel[[#This Row],[PERSONEL]],bordro[Yİ]) -> 0 | I16: Çalışan | J16: HALİL Y | K16: 14188598600
A17: BEKİR BULUT | B17: =personelListesiGuncel[[#This Row],[SGK M.]]+personelListesiGuncel[[#This Row],[yi]] -> 1603 | C17: EMEKLİ | D17: _OPERATÖR | F17: 50000 | G17: 1603 | K17: 14743821358
A18: ÜMİT YİĞİT | B18: =personelListesiGuncel[[#This Row],[SGK M.]]+personelListesiGuncel[[#This Row],[yi]] -> 11333 | C18: ÇALIŞAN | D18: _OPERATÖR | E18: 250 | F18: 50000 | G18: 11333 | H18: =SUMIF(bordro[Personel],personelListesiGuncel[[#This Row],[PERSONEL]],bordro[Yİ]) -> 0 | I18: Çalışan | J18: HALİL Y | K18: 20743377542
A19: NERMİN ŞEN | B19: =personelListesiGuncel[[#This Row],[SGK M.]]+personelListesiGuncel[[#This Row],[yi]] -> 25000 | C19: ÇALIŞAN | D19: _MUTFAK | E19: 150 | F19: 30000 | G19: 25000 | H19: =SUMIF(bordro[Personel],personelListesiGuncel[[#This Row],[PERSONEL]],bordro[Yİ]) -> 0 | I19: Çalışan | K19: 24235463638
A20: NADİR EROĞLU | B20: =personelListesiGuncel[[#This Row],[SGK M.]]+personelListesiGuncel[[#This Row],[yi]] -> 0 | C20: ÇALIŞAN | D20: _D.ELEMAN | H20: =SUMIF(bordro[Personel],personelListesiGuncel[[#This Row],[PERSONEL]],bordro[Yİ]) -> 0
A21: ENVER İBKİN | B21: =personelListesiGuncel[[#This Row],[SGK M.]]+personelListesiGuncel[[#This Row],[yi]] -> 0 | C21: ÇALIŞAN | D21: _BEKÇİ | F21: 30000 | G21: 0 | H21: =SUMIF(bordro[Personel],personelListesiGuncel[[#This Row],[PERSONEL]],bordro[Yİ]) -> 0
A22: YAŞAR COŞKUN | B22: =personelListesiGuncel[[#This Row],[SGK M.]]+personelListesiGuncel[[#This Row],[yi]] -> 1603 | C22: ÇALIŞAN | D22: _ŞOFÖR | F22: 43000 | G22: 1603 | H22: =SUMIF(bordro[Personel],personelListesiGuncel[[#This Row],[PERSONEL]],bordro[Yİ]) -> 0
A23: HARUN ZEYBEK | B23: =personelListesiGuncel[[#This Row],[SGK M.]]+personelListesiGuncel[[#This Row],[yi]] -> 50000 | C23: ÇALIŞAN | D23: _OPERATÖR | F23: 50000 | G23: 50000 | H23: =SUMIF(bordro[Personel],personelListesiGuncel[[#This Row],[PERSONEL]],bordro[Yİ]) -> 0 | K23: 22118361712
A24: MURAT EROL | B24: =personelListesiGuncel[[#This Row],[SGK M.]]+personelListesiGuncel[[#This Row],[yi]] -> 28000 | C24: ÇALIŞAN | D24: _OPERATÖR | F24: 50000 | G24: 28000 | K24: 51499451514
A25: VOLKAN KATRI | B25: 50000 | C25: ÇALIŞAN | D25: _OPERATÖR | E25: 250 | F25: 50000
A26: AYHAN DOĞRU | B26: =personelListesiGuncel[[#This Row],[SGK M.]]+personelListesiGuncel[[#This Row],[yi]] -> 2335 | C26: ÇALIŞAN | D26: _OPERATÖR | F26: 50000 | G26: 2335
A27: BAYRAM ALSAN | B27: =personelListesiGuncel[[#This Row],[SGK M.]]+personelListesiGuncel[[#This Row],[yi]] -> 34500 | C27: ÇALIŞAN | D27: _OPERATÖR | F27: 34500 | G27: 34500
A28: ARZU DANACI | B28: 0 | C28: ÇALIŞAN | D28: _MUHASEBE | F28: 45000 | G28: 0 | K28: 23965724132
A29: GÜRHAN | B29: 30000 | D29: _AİLE | F29: 30000 | G29: 0 | H29: =SUMIF(bordro[Personel],personelListesiGuncel[[#This Row],[PERSONEL]],bordro[Yİ]) -> 0 | I29: Çalışan
A30: FATMA KOCATÜRK | D30: _AİLE | F30: 30000 | G30: 0
A31: NAFAKA | D31: _AİLE | F31: 13000
A32: ALFİYA FERMAN | B32: =personelListesiGuncel[[#This Row],[SGK M.]]+personelListesiGuncel[[#This Row],[yi]] -> 22104 | C32: ÇALIŞAN | D32: _AİLE | F32: 40000 | G32: 22104 | H32: =SUMIF(bordro[Personel],personelListesiGuncel[[#This Row],[PERSONEL]],bordro[Yİ]) -> 0 | I32: Çalışan | J32: HALİL Y | K32: 74524099796
A33: MELEKNUR YILMAZ | B33: =personelListesiGuncel[[#This Row],[SGK M.]]+personelListesiGuncel[[#This Row],[yi]] -> 30000 | C33: ÇALIŞAN | D33: _AİLE | F33: 50000 | G33: 30000 | H33: 0 | I33: Çıktı | J33: HALİL Y | K33: 64996156028
A34: Dilek TOPAL | B34: =personelListesiGuncel[[#This Row],[SGK M.]]+personelListesiGuncel[[#This Row],[yi]] -> 22104 | C34: ÇALIŞAN | D34: _AİLE | F34: 30000 | G34: 22104 | H34: =SUMIF(bordro[Personel],personelListesiGuncel[[#This Row],[PERSONEL]],bordro[Yİ]) -> 0 | I34: Çalışan | J34: HALİL Y | K34: 18736701092
A35: AJDA OZANER | B35: =personelListesiGuncel[[#This Row],[SGK M.]]+personelListesiGuncel[[#This Row],[yi]] -> 30000 | C35: ÇALIŞAN | D35: _AİLE | F35: 50000 | G35: 30000 | H35: 0 | I35: Çıktı | J35: HALİL Y | K35: 22093575890
A36: AYŞEGÜL OZANER | B36: =personelListesiGuncel[[#This Row],[SGK M.]]+personelListesiGuncel[[#This Row],[yi]] -> 0 | C36: ÇALIŞAN | D36: _AİLE | F36: 30000 | H36: =SUMIF(bordro[Personel],personelListesiGuncel[[#This Row],[PERSONEL]],bordro[Yİ]) -> 0 | I36: Çalışan | J36: HALİL Y | K36: 30148302742
A37: YAHYA-ÖMER | B37: =personelListesiGuncel[[#This Row],[SGK M.]]+personelListesiGuncel[[#This Row],[yi]] -> 0 | C37: ÇALIŞAN | D37: _AİLE | F37: 30000 | G37: 0 | H37: =SUMIF(bordro[Personel],personelListesiGuncel[[#This Row],[PERSONEL]],bordro[Yİ]) -> 0
A38: YAHYA-NAFAKA | B38: 0 | D38: _AİLE | F38: 20000 | G38: 0 | H38: 0

Sheet bordro
B1: YIL | C1: AY | D1: SSK FRM | E1: TC KİMLİK NO | F1: MÜŞT. NO | G1: Sütun1 | H1: Personel | I1: G. Maaş | J1: SGK-BNK | K1: E. | L1: B+E | M1: Eld. [+/-] | N1: Açıklama | O1: Yİ
B2: 2025 | C2: 1 | D2: _MUHASEBE | E2: 28699369338 | F2: 96358353 | G2: part2 | H2: ABDULLAH KARAHANCI | I2: 57500 | J2: 40000 | K2: 5000 | L2: 45000
B3: 2025 | C3: 1 | D3: _D.ELEMAN | E3: 17630785580 | F3: 95529415 | G3: part2 | H3: DURSUN DURMUŞ | I3: 75000 | J3: 2670 | K3: 62330 | L3: 65000
B4: 2025 | C4: 1 | D4: _MUHASEBE | E4: 55186680706 | F4: 95787183 | G4: part2 | H4: RAMAZAN TUNCER | I4: 22104 | J4: 22104 | K4: 0 | L4: 22104
B5: 2025 | C5: 1 | D5: _D.ELEMAN | E5: 21242693324 | F5: 95532064 | G5: Part1 | H5: SÜLEYMAN İP | I5: 48000 | J5: 1670 | K5: 38330 | L5: 40000
B6: 2025 | C6: 1 | D6: _D.ELEMAN | E6: 17159801204 | F6: 95532066 | G6: Part1 | H6: ŞENOL DURMUŞ | I6: 52000 | J6: 40000 | K6: 5000 | L6: 45000
B7: 2025 | C7: 1 | D7: _D.ELEMAN | E7: 36826974454 | F7: 0 | G7: Part1 | H7: CUMA HAVAN | I7: 34500 | J7: 22104 | K7: 12998 | L7: 35102
B8: 2025 | C8: 1 | D8: _D.ELEMAN | E8: 17917837216 | F8: 0 | G8: Part1 | H8: EJDER COŞGUNOĞLU | I8: 34500 | J8: 1603 | K8: 12998 | L8: 14601
B9: 2025 | C9: 1 | D9: _OPERATÖR | E9: 23764482950 | F9: 95532077 | G9: part2 | H9: VEYSEL DUYMAZ | I9: 46000 | J9: 2335 | K9: 37665 | L9: 40000
B10: 2025 | C10: 1 | D10: _ŞOFÖR | E10: 25672444846 | F10: 95693810 | G10: Part1 | H10: MUSTAFA KAHRAMAN | I10: 43000 | J10: 2000 | K10: 35499.9 | L10: 37499.9
B11: 2025 | C11: 1 | D11: _MÜHNEDİS | E11: 51994540164 | F11: 96900867 | G11: part2 | H11: DURSUN ALİ NAZİK | I11: 57500 | J11: 35000 | K11: 13000 | L11: 48000
B12: 2025 | C12: 1 | D12: _KANTAR | E12: 23713484608 | F12: 97189681 | G12: Part1 | H12: CİHAN DUYMAZ | I12: 40000 | J12: 38000 | K12: 0 | L12: 38000
B13: 2025 | C13: 1 | D13: _ŞOFÖR | E13: 0 | F13: 0 | G13: Part1 | H13: OSMAN BİLGİN | I13: 40000 | J13: 0 | K13: 33000 | L13: 33000
B14: 2025 | C14: 1 | D14: _TAMİR | E14: 14188598600 | F14: 0 | G14: Part1 | H14: ALİM MEDETOĞULLARI | I14: 48000 | J14: 48000 | K14: 0 | L14: 48000
B15: 2025 | C15: 1 | D15: _OPERATÖR | E15: 0 | F15: 0 | G15: Part1 | H15: MEHMET ALİ ALTINOK | I15: 50000 | J15: 2335 | K15: 40165 | L15: 42500
B16: 2025 | C16: 1 | D16: _OPERATÖR | E16: 20743377542 | F16: 99029232 | G16: Part1 | H16: ÜMİT YİĞİT | I16: 50000 | J16: 11333 | K16: 0 | L16: 11333
B17: 2025 | C17: 1 | D17: _MUTFAK | E17: 24235463638 | F17: 0 | G17: Part1 | H17: NERMİN ŞEN | I17: 30000 | J17: 25000 | K17: 0 | L17: 25000
B18: 2025 | C18: 1 | D18: _D.ELEMAN | E18: 0 | F18: 0 | G18: Part1 | H18: NADİR EROĞLU | I18: 0 | J18: 0 | K18: 6000 | L18: 6000
B19: 2025 | C19: 1 | D19: _BEKÇİ | E19: 0 | F19: 0 | G19: Part1 | H19: ENVER İBKİN | I19: 30000 | J19: 0 | K19: 25000 | L19: 25000
B20: 2025 | C20: 1 | D20: _ŞOFÖR | E20: 0 | F20: 0 | G20: Part1 | H20: YILMAZ YILMAZ | I20: 11920 | J20: 0 | K20: 30999.9 | L20: 30999.9
B21: 2025 | C21: 1 | D21: _ŞOFÖR | E21: 0 | F21: 0 | G21: Part1 | H21: YAŞAR COŞKUN | I21: 43000 | J21: 1603 | K21: 33000 | L21: 34603
B22: 2025 | C22: 1 | D22: 0 | E22: 0 | F22: 0 | G22: part2 | H22: SAMET EROĞLU | I22: 15000 | J22: 0 | K22: 15000 | L22: 15000
B23: 2025 | C23: 1 | D23: _OPERATÖR | E23: 22118361712 | F23: 0 | G23: Part1 | H23: HARUN ZEYBEK | I23: 50000 | J23: 30000 | K23: 2833.33 | L23: 32833.33
B24: 2025 | C24: 1 | D24: _AİLE | E24: 18736701092 | F24: 95547779 | G24: part2 | H24: Dilek TOPAL | I24: 30000 | J24: 22104 | K24: 12998 | L24: 35102
B25: 2025 | C25: 1 | D25: _AİLE | E25: 74524099796 | F25: 98127163 | G25: part2 | H25: ALFİYA FERMAN | I25: 40000 | J25: 22104 | K25: -2 | L25: 22102
B26: 2025 | C26: 1 | D26: _AİLE | E26: 0 | F26: 0 | G26: part2 | H26: YAHYA-ÖMER | I26: 30000 | J26: 0 | K26: 30000 | L26: 30000
B27: 2025 | C27: 1 | D27: _AİLE | E27: 22093575890 | F27: 96260905 | G27: part2 | H27: AJDA OZANER | I27: 50000 | J27: 30000 | K27: 50000 | L27: 80000
B28: 2025 | C28: 1 | D28: _AİLE | E28: 64996156028 | F28: 95539771 | G28: part2 | H28: MELEKNUR YILMAZ | I28: 50000 | J28: 30000 | K28: 50000 | L28: 80000
B29: 2025 | C29: 2 | D29: _MUHASEBE | E29: 28699369338 | F29: 96358353 | G29: e | H29: ABDULLAH KARAHANCI | I29: 57500 | J29: 40000 | K29: 17500 | L29: 57500
B30: 2025 | C30: 2 | D30: _D.ELEMAN | E30: 17630785580 | F30: 95529415 | G30: bnk | H30: DURSUN DURMUŞ | I30: 75000 | J30: 2670 | K30: 72330 | L30: 75000
B31: 2025 | C31: 2 | D31: _MUHASEBE | E31: 55186680706 | F31: 95787183 | G31: bnk | H31: RAMAZAN TUNCER | I31: 22104 | J31: 22104 | K31: 0 | L31: 22104
B32: 2025 | C32: 2 | D32: _D.ELEMAN | E32: 21242693324 | F32: 95532064 | G32: bnk | H32: SÜLEYMAN İP | I32: 48000 | J32: 1670 | K32: 46330 | L32: 48000
B33: 2025 | C33: 2 | D33: _D.ELEMAN | E33: 17159801204 | F33: 95532066 | G33: bnk | H33: ŞENOL DURMUŞ | I33: 52000 | J33: 40000 | K33: 12000 | L33: 52000
B34: 2025 | C34: 2 | D34: _D.ELEMAN | E34: 36826974454 | F34: 0 | G34: bnk | H34: CUMA HAVAN | I34: 34500 | J34: 22104 | K34: 12396 | L34: 34500
B35: 2025 | C35: 2 | D35: _D.ELEMAN | E35: 17917837216 | F35: 0 | G35: bnk | H35: EJDER COŞGUNOĞLU | I35: 34500 | J35: 1603 | K35: 32897 | L35: 34500
B36: 2025 | C36: 2 | D36: _OPERATÖR | E36: 23764482950 | F36: 95532077 | G36: bnk | H36: VEYSEL DUYMAZ | I36: 46000 | J36: 2335 | K36: 43665 | L36: 46000
B37: 2025 | C37: 2 | D37: _ŞOFÖR | E37: 25672444846 | F37: 95693810 | G37: bnk | H37: MUSTAFA KAHRAMAN | I37: 43000 | J37: 2000 | K37: 41000 | L37: 43000
B38: 2025 | C38: 2 | D38: _MÜHNEDİS | E38: 51994540164 | F38: 96900867 | G38: bnk | H38: DURSUN ALİ NAZİK | I38: 57500 | J38: 35000 | K38: 22500 | L38: 57500
B39: 2025 | C39: 2 | D39: _KANTAR | E39: 23713484608 | F39: 97189681 | G39: bnk | H39: CİHAN DUYMAZ | I39: 40000 | J39: 38000 | K39: 2000 | L39: 40000
B40: 2025 | C40: 2 | D40: _ŞOFÖR | E40: 0 | F40: 0 | G40: e | H40: OSMAN BİLGİN | I40: 40000 | J40: 0 | K40: 40000 | L40: 40000
B41: 2025 | C41: 2 | D41: _TAMİR | E41: 14188598600 | F41: 0 | G41: bnk | H41: ALİM MEDETOĞULLARI | I41: 48000 | J41: 48000 | K41: 0 | L41: 48000
B42: 2025 | C42: 2 | D42: _OPERATÖR | E42: 0 | F42: 0 | G42: bnk | H42: MEHMET ALİ ALTINOK | I42: 50000 | J42: 2335 | K42: 47665 | L42: 50000
B43: 2025 | C43: 2 | D43: _OPERATÖR | E43: 20743377542 | F43: 99029232 | G43: bnk | H43: ÜMİT YİĞİT | I43: 50000 | J43: 11333 | K43: 38667 | L43: 50000
B44: 2025 | C44: 2 | D44: _MUTFAK | E44: 24235463638 | F44: 0 | G44: bnk | H44: NERMİN ŞEN | I44: 30000 | J44: 25000 | K44: 5000 | L44: 30000
B45: 2025 | C45: 2 | D45: _BEKÇİ | E45: 0 | F45: 0 | G45: e | H45: ENVER İBKİN | I45: 30000 | J45: 0 | K45: 30000 | L45: 30000
B46: 2025 | C46: 2 | D46: _ŞOFÖR | E46: 0 | F46: 0 | G46: bnk | H46: YILMAZ YILMAZ | I46: 11920 | J46: 0 | K46: 21920 | L46: 21920 | M46: 10000 | N46: 10.000 SERVİS ÖDEMESİ
B47: 2025 | C47: 2 | D47: _ŞOFÖR | E47: 0 | F47: 0 | G47: bnk | H47: YAŞAR COŞKUN | I47: 43000 | J47: 1603 | K47: 43397 | L47: 45000 | M47: 2000 | N47: OCAK FARK
B48: 2025 | C48: 2 | D48: 0 | E48: 0 | F48: 0 | G48: e | H48: SAMET EROĞLU | I48: 15000 | J48: 0 | K48: 15000 | L48: 15000
B49: 2025 | C49: 2 | D49: _OPERATÖR | E49: 22118361712 | F49: 0 | G49: bnk | H49: HARUN ZEYBEK | I49: 50000 | J49: 50000 | K49: 0 | L49: 50000
B50: 2025 | C50: 2 | D50: _AİLE | E50: 18736701092 | F50: 95547779 | G50: bnk | H50: Dilek TOPAL | I50: 30000 | J50: 22104 | K50: 7896 | L50: 30000
B51: 2025 | C51: 2 | D51: _AİLE | E51: 0 | F51: 0 | G51: e | H51: FATMA KOCATÜRK | I51: 30000 | J51: 0 | K51: 30000 | L51: 30000
B52: 2025 | C52: 2 | D52: _AİLE | E52: 0 | F52: 0 | G52: e | H52: NAFAKA | I52: 50000 | J52: 0 | K52: 50000 | L52: 50000 | N52: nafaka13.000
B53: 2025 | C53: 2 | D53: _AİLE | E53: 0 | G53: e | H53: AYŞEGÜL OZANER | I53: 30000 | J53: 0 | K53: 30000 | L53: 30000
B54: 2025 | C54: 2 | D54: _AİLE | E54: 74524099796 | F54: 98127163 | G54: bnk | H54: ALFİYA FERMAN | I54: 40000 | J54: 22104 | K54: 17896 | L54: 40000
B55: 2025 | C55: 2 | D55: _AİLE | E55: 0 | F55: 0 | G55: e | H55: YAHYA-ÖMER | I55: 30000 | J55: 0 | K55: 30000 | L55: 30000
B56: 2025 | C56: 2 | D56: _AİLE | E56: 22093575890 | F56: 96260905 | G56: e | H56: AJDA OZANER | I56: 50000 | J56: 30000 | K56: 20000 | L56: 50000
B57: 2025 | C57: 2 | D57: _AİLE | E57: 64996156028 | F57: 95539771 | G57: bnk | H57: MELEKNUR YILMAZ | I57: 50000 | J57: 30000 | K57: 20000 | L57: 50000
B58: 2025 | C58: 3 | D58: _MUHASEBE | E58: 28699369338 | F58: 96358353 | G58: e | H58: ABDULLAH KARAHANCI | I58: 57500 | J58: 40000 | K58: -7500 | L58: 32500 | M58: -25000 | N58: avans
B59: 2025 | C59: 3 | D59: _D.ELEMAN | E59: 17630785580 | F59: 95529415 | G59: bnk | H59: DURSUN DURMUŞ | I59: 75000 | J59: 2670 | K59: 47330 | L59: 50000 | M59: -25000 | N59: avans
B60: 2025 | C60: 3 | D60: _MUHASEBE | E60: 55186680706 | F60: 95787183 | G60: bnk | H60: RAMAZAN TUNCER | I60: 22104 | J60: 22104 | K60: 0 | L60: 22104
B61: 2025 | C61: 3 | D61: _D.ELEMAN | E61: 21242693324 | F61: 95532064 | G61: bnk | H61: SÜLEYMAN İP | I61: 48000 | J61: 1670 | K61: 21330 | L61: 23000 | M61: -25000 | N61: avans
B62: 2025 | C62: 3 | D62: _D.ELEMAN | E62: 17159801204 | F62: 95532066 | G62: bnk | H62: ŞENOL DURMUŞ | I62: 52000 | J62: 40000 | K62: -13000 | L62: 27000 | M62: -25000 | N62: avans
B63: 2025 | C63: 3 | D63: _D.ELEMAN | E63: 36826974454 | F63: 0 | G63: bnk | H63: CUMA HAVAN | I63: 34500 | J63: 22104 | K63: -12604 | L63: 9500 | M63: -25000 | N63: avans
B64: 2025 | C64: 3 | D64: _D.ELEMAN | E64: 17917837216 | F64: 0 | G64: bnk | H64: EJDER COŞGUNOĞLU | I64: 34500 | J64: 1603 | K64: 7897 | L64: 9500 | M64: -25000 | N64: avans
B65: 2025 | C65: 3 | D65: _OPERATÖR | E65: 23764482950 | F65: 95532077 | G65: bnk | H65: VEYSEL DUYMAZ | I65: 46000 | J65: 2335 | K65: 18665 | L65: 21000 | M65: -25000 | N65: avans
B66: 2025 | C66: 3 | D66: _ŞOFÖR | E66: 25672444846 | F66: 95693810 | G66: bnk | H66: MUSTAFA KAHRAMAN | I66: 43000 | J66: 2000 | K66: 16000 | L66: 18000 | M66: -25000 | N66: avans
B67: 2025 | C67: 3 | D67: _MÜHNEDİS | E67: 51994540164 | F67: 96900867 | G67: bnk | H67: DURSUN ALİ NAZİK | I67: 57500 | J67: 35000 | K67: -2500 | L67: 32500 | M67: -25000 | N67: avans
B68: 2025 | C68: 3 | D68: _KANTAR | E68: 23713484608 | F68: 97189681 | G68: bnk | H68: CİHAN DUYMAZ | I68: 40000 | J68: 38000 | K68: -23000 | L68: 15000 | M68: -25000 | N68: avans
B69: 2025 | C69: 3 | D69: _ŞOFÖR | E69: 0 | F69: 0 | G69: e | H69: OSMAN BİLGİN | I69: 40000 | J69: 0 | K69: 15000 | L69: 15000 | M69: -25000 | N69: avans
B70: 2025 | C70: 3 | D70: _TAMİR | E70: 14188598600 | F70: 0 | G70: bnk | H70: ALİM MEDETOĞULLARI | I70: 48000 | J70: 48000 | K70: 0 | L70: 48000
B71: 2025 | C71: 3 | D71: _OPERATÖR | E71: 0 | F71: 0 | G71: bnk | H71: MEHMET ALİ ALTINOK | I71: 50000 | J71: 2335 | K71: 22665 | L71: 25000 | M71: -25000 | N71: avans
B72: 2025 | C72: 3 | D72: _OPERATÖR | E72: 20743377542 | F72: 99029232 | G72: bnk | H72: ÜMİT YİĞİT | I72: 50000 | J72: 11333 | K72: 3667 | L72: 15000 | M72: -35000 | N72: avans
B73: 2025 | C73: 3 | D73: _MUTFAK | E73: 24235463638 | F73: 0 | G73: bnk | H73: NERMİN ŞEN | I73: 30000 | J73: 25000 | K73: -20000 | L73: 5000 | M73: -25000 | N73: avans
B74: 2025 | C74: 3 | D74: _BEKÇİ | E74: 0 | F74: 0 | G74: e | H74: ENVER İBKİN | I74: 30000 | J74: 0 | K74: 5000 | L74: 5000 | M74: -25000 | N74: avans
B75: 2025 | C75: 3 | D75: _ŞOFÖR | E75: 0 | F75: 0 | G75: bnk | H75: YILMAZ YILMAZ | I75: 11920 | J75: 0 | K75: 11920 | L75: 11920
B76: 2025 | C76: 3 | D76: _ŞOFÖR | E76: 0 | F76: 0 | G76: bnk | H76: YAŞAR COŞKUN | I76: 43000 | J76: 1603 | K76: 16397 | L76: 18000 | M76: -25000 | N76: avans
B77: 2025 | C77: 3 | D77: 0 | E77: 0 | F77: 0 | G77: e | H77: SAMET EROĞLU | I77: 15000 | J77: 0 | K77: 15000 | L77: 15000
B78: 2025 | C78: 3 | D78: _OPERATÖR | E78: 22118361712 | F78: 0 | G78: bnk | H78: HARUN ZEYBEK | I78: 50000 | J78: 50000 | K78: -36667 | L78: 13333 | M78: -36667 | N78: avans
B79: 2025 | C79: 3 | D79: _OPERATÖR | E79: 14743821358 | F79: 0 | G79: bnk | H79: BEKİR BULUT | I79: 50000 | J79: 1603 | K79: 23397 | L79: 25000 | M79: -25000 | N79: avans
B80: 2025 | C80: 3 | D80: _AİLE | E80: 18736701092 | F80: 95547779 | G80: bnk | H80: Dilek TOPAL | I80: 30000 | J80: 22104 | K80: -17104 | L80: 5000 | M80: -25000 | N80: avans
B81: 2025 | C81: 3 | D81: _AİLE | E81: 0 | F81: 0 | G81: e | H81: FATMA KOCATÜRK | I81: 30000 | J81: 0 | K81: 30000 | L81: 30000
B82: 2025 | C82: 3 | D82: _AİLE | E82: 0 | F82: 0 | G82: e | H82: NAFAKA | I82: 44000 | J82: 0 | K82: 44000 | L82: 0 | M82: -44000 | N82: ÖDENDİ
B83: 2025 | C83: 3 | D83: _AİLE | E83: 0 | G83: e | H83: AYŞEGÜL OZANER | I83: 30000 | J83: 0 | K83: 5000 | L83: 5000 | M83: -25000 | N83: avans
B84: 2025 | C84: 3 | D84: _AİLE | E84: 74524099796 | F84: 98127163 | G84: bnk | H84: ALFİYA FERMAN | I84: 40000 | J84: 22104 | K84: -7104 | L84: 15000 | M84: -25000 | N84: avans
B85: 2025 | C85: 3 | D85: _AİLE | E85: 0 | F85: 0 | G85: e | H85: YAHYA-ÖMER | I85: 30000 | J85: 0 | K85: 30000 | L85: 30000
B86: 2025 | C86: 3 | D86: _AİLE | E86: 22093575890 | F86: 96260905 | G86: e | H86: AJDA OZANER | I86: 50000 | J86: 30000 | K86: -30000 | L86: 0 | M86: -50000 | N86: ÖDENDİ
B87: 2025 | C87: 3 | D87: _AİLE | E87: 64996156028 | F87: 95539771 | G87: bnk | H87: MELEKNUR YILMAZ | I87: 50000 | J87: 30000 | K87: -30000 | L87: 0 | M87: -50000 | N87: ÖDENDİ
B88: 2025 | C88: 4 | D88: _MUHASEBE | E88: 28699369338 | F88: 96358353 | H88: ABDULLAH KARAHANCI | I88: 57500 | J88: 40000 | K88: 17500 | L88: 57500 | N88: *30.000TL AVANS
B89: 2025 | C89: 4 | D89: _D.ELEMAN | E89: 17630785580 | F89: 95529415 | H89: DURSUN DURMUŞ | I89: 75000 | J89: 2670 | K89: 72330 | L89: 75000
B90: 2025 | C90: 4 | D90: _MUHASEBE | E90: 55186680706 | F90: 95787183 | H90: RAMAZAN TUNCER | I90: 22104 | J90: 22104 | K90: 0 | L90: 22104
B91: 2025 | C91: 4 | D91: _D.ELEMAN | E91: 21242693324 | F91: 95532064 | H91: SÜLEYMAN İP | I91: 48000 | J91: 1670 | K91: 46330 | L91: 48000
B92: 2025 | C92: 4 | D92: _D.ELEMAN | E92: 17159801204 | F92: 95532066 | H92: ŞENOL DURMUŞ | I92: 52000 | J92: 40000 | K92: 12000 | L92: 52000
B93: 2025 | C93: 4 | D93: _D.ELEMAN | E93: 36826974454 | F93: 0 | H93: CUMA HAVAN | I93: 34500 | J93: 22104 | K93: 12396 | L93: 34500
B94: 2025 | C94: 4 | D94: _D.ELEMAN | E94: 17917837216 | F94: 0 | H94: EJDER COŞGUNOĞLU | I94: 34500 | J94: 1603 | K94: 32897 | L94: 34500
B95: 2025 | C95: 4 | D95: _OPERATÖR | E95: 23764482950 | F95: 95532077 | H95: VEYSEL DUYMAZ | I95: 46000 | J95: 2335 | K95: 43665 | L95: 46000
B96: 2025 | C96: 4 | D96: _ŞOFÖR | E96: 25672444846 | F96: 95693810 | H96: MUSTAFA KAHRAMAN | I96: 43000 | J96: 2000 | K96: 41000 | L96: 43000
B97: 2025 | C97: 4 | D97: _MÜHNEDİS | E97: 51994540164 | F97: 96900867 | H97: DURSUN ALİ NAZİK | I97: 57500 | J97: 35000 | K97: 22500 | L97: 57500
B98: 2025 | C98: 4 | D98: _KANTAR | E98: 23713484608 | F98: 97189681 | H98: CİHAN DUYMAZ | I98: 40000 | J98: 35000 | K98: 0 | L98: 35000 | M98: -5000 | N98: 5000 AVANS
B99: 2025 | C99: 4 | D99: _ŞOFÖR | E99: 0 | F99: 0 | H99: OSMAN BİLGİN | I99: 40000 | J99: 0 | K99: 40000 | L99: 40000
B100: 2025 | C100: 4 | D100: _OPERATÖR | E100: 0 | F100: 0 | H100: MEHMET ALİ ALTINOK | I100: 50000 | J100: 2335 | K100: 47665 | L100: 50000
...

Sheet bordro (2024)
B1: YIL | C1: AY | D1: SSK FRM | E1: TC KİMLİK NO | F1: MÜŞT. NO | G1: Sütun1 | H1: Personel | I1: G. Maaş | J1: SGK-BNK | K1: E. | L1: B+E | M1: Eld. [+/-] | N1: Açıklama | O1: Yİ
B2: 2024 | C2: 1 | D2: _MUHASEBE | E2: 28699369338 | F2: 96358353 | G2: 1 | H2: ABDULLAH KARAHANCI | I2: 40000 | J2: 40000 | K2: 0 | L2: 40000
B3: 2024 | C3: 1 | D3: _D.ELEMAN | E3: 36826974454 | F3: 95573006 | G3: 1 | H3: CUMA HAVAN | I3: 17002 | J3: 17002 | K3: 0 | L3: 17002
B4: 2024 | C4: 1 | D4: _D.ELEMAN | E4: 17630785580 | F4: 95529415 | G4: 1 | H4: DURSUN DURMUŞ | I4: 87000 | J4: 40000 | K4: 47000 | L4: 87000
B5: 2024 | C5: 1 | D5: _MUHASEBE | E5: 55186680706 | F5: 95787183 | G5: 1 | H5: RAMAZAN TUNCER | I5: 17002 | J5: 17002 | K5: 0 | L5: 17002
B6: 2024 | C6: 1 | D6: _D.ELEMAN | E6: 21242693324 | F6: 95532064 | G6: 1 | H6: SÜLEYMAN İP | I6: 25000 | J6: 25000 | K6: 0 | L6: 25000
B7: 2024 | C7: 1 | D7: _D.ELEMAN | E7: 17159801204 | F7: 95532066 | G7: 1 | H7: ŞENOL DURMUŞ | I7: 35000 | J7: 35000 | K7: 0 | L7: 35000
B8: 2024 | C8: 1 | D8: _OPERATÖR | E8: 23764482950 | F8: 95532077 | G8: 1 | H8: VEYSEL DUYMAZ | I8: 25000 | J8: 25000 | K8: 0 | L8: 25000 | N8: AVANS KESİNTİSİ 10000
B9: 2024 | C9: 1 | D9: _ŞOFÖR | E9: 25672444846 | F9: 95693810 | G9: 1 | H9: MUSTAFA KAHRAMAN | I9: 30000 | J9: 30000 | K9: 0 | L9: 30000
B10: 2024 | C10: 1 | D10: _OPERATÖR | E10: 33853146700 | F10: 96959868 | G10: 1 | H10: MEHMET ALİ ALTINOK | I10: 35000 | J10: 35000 | K10: 0 | L10: 35000
B11: 2024 | C11: 1 | D11: _MÜHNEDİS | E11: 51994540164 | F11: 96900867 | G11: 1 | H11: DURSUN ALİ NAZİK | I11: 35000 | J11: 35000 | K11: 0 | L11: 35000
B12: 2024 | C12: 1 | D12: _KANTAR | E12: 23713484608 | F12: 97189681 | G12: 1 | H12: CİHAN DUYMAZ | I12: 30000 | J12: 30000 | K12: 0 | L12: 30000
B13: 2024 | C13: 1 | D13: _D.ELEMAN | E13: 17891875174 | F13: 6214238 | G13: 1 | H13: OSMAN KAYALI | I13: 17002 | J13: 17002 | K13: 0 | L13: 17002
B14: 2024 | C14: 1 | D14: _OPERATÖR | E14: 38233125580 | F14: 95532065 | G14: 1 | H14: SERCAN BARDAKCI | I14: 37500 | J14: 37500 | K14: 0 | L14: 37500
B15: 2024 | C15: 1 | D15: _AİLE | E15: 18736701092 | F15: 95547779 | G15: 1 | H15: FATMA KOCATÜRK | I15: 30000 | J15: 17002 | K15: 12998 | L15: 30000
B16: 2024 | C16: 1 | D16: _çaycı | E16: 0 | F16: 0 | G16: 0 | H16: ŞİNASİ VURAL POLAT | I16: 18685 | J16: 0 | K16: 18685 | L16: 18685
B17: 2024 | C17: 1 | D17: _ŞOFÖR | E17: 29107341298 | F17: 0 | G17: 0 | H17: MUSTAFA KARADEMİR | I17: 29000 | J17: 0 | K17: 29000 | L17: 29000 | N17: 1 gün eksik
B18: 2024 | C18: 1 | D18: _ŞOFÖR | E18: 10459950610 | F18: 97226520 | G18: 1 | H18: EMRULLAH BOZ | I18: 30000 | J18: 30000 | K18: 0 | L18: 30000
B19: 2024 | C19: 1 | D19: _OPERATÖR | E19: 63097169876 | F19: 96843148 | G19: 1 | H19: AYHAN DOĞRU | I19: 35000 | J19: 35000 | K19: 0 | L19: 35000
B20: 2024 | C20: 1 | D20: _BEKÇİ | E20: 0 | F20: 0 | G20: 0 | H20: KADİR BEKÇİ | I20: 20000 | J20: 0 | K20: 15000 | L20: 15000 | M20: -5000 | N20: AVANS KESİNTİSİ
B21: 2024 | C21: 1 | D21: _MUHASEBE | E21: 18727701384 | F21: 98682849 | G21: 1 | H21: BURAK KOCATÜRK | I21: 32500 | J21: 32500 | K21: 0 | L21: 32500
B22: 2024 | C22: 1 | D22: _MUHASEBE | E22: 24293051488 | F22: 98751426 | G22: 1 | H22: SALİH GÜNGÖR | I22: 6234 | J22: 6234 | K22: 0 | L22: 6234
B23: 2024 | C23: 1 | D23: _ŞOFÖR | E23: 0 | F23: 0 | G23: 0 | H23: OSMAN BİLGİN | I23: 30000 | J23: 0 | K23: 30000 | L23: 30000
B24: 2024 | C24: 1 | D24: _ŞOFÖR | E24: 0 | F24: 0 | G24: 0 | H24: YILMAZ YILMAZ | I24: 30000 | J24: 0 | K24: 31000 | L24: 31000 | M24: 1000 | N24: soför payı
B25: 2024 | C25: 1 | D25: _TAMİR | E25: 14188598600 | F25: 0 | G25: 0 | H25: ALİM MEDETOĞULLARI | I25: 35000 | J25: 0 | K25: 35000 | L25: 35000
B26: 2024 | C26: 1 | D26: _OPERATÖR | E26: 20743377542 | F26: 99029232 | G26: 1 | H26: ÜMİT YİĞİT | I26: 36250 | J26: 36250 | K26: 0 | L26: 36250 | N26: 1 gün eksik
B27: 2024 | C27: 1 | D27: _AİLE | E27: 74524099796 | F27: 98127163 | G27: 1 | H27: ALFİYA FERMAN | I27: 30000 | J27: 17002 | K27: 12998 | L27: 30000
B28: 2024 | C28: 1 | D28: _AİLE | E28: 22093575890 | F28: 96260905 | G28: 1 | H28: AJDA OZANER | I28: 30000 | J28: 30000 | K28: 0 | L28: 30000
B29: 2024 | C29: 1 | D29: _AİLE | E29: 30148302742 | F29: 97726066 | G29: 1 | H29: AYŞEGÜL OZANER | I29: 17002 | J29: 17002 | K29: 0 | L29: 17002
B30: 2024 | C30: 1 | D30: _AİLE | E30: 64996156028 | F30: 95539771 | G30: 1 | H30: MELEKNUR YILMAZ | I30: 30000 | J30: 30000 | K30: 0 | L30: 30000
B31: 2024 | C31: 1 | D31: _AİLE | E31: 0 | F31: 0 | G31: 0 | H31: YAHYA-ÖMER | I31: 15000 | J31: 0 | K31: 15000 | L31: 15000
B32: 2024 | C32: 1 | D32: _AİLE | E32: 0 | F32: 0 | G32: 0 | H32: YAHYA-NAFAKA | I32: 20000 | J32: 0 | K32: 20000 | L32: 11000
B33: 2024 | C33: 2 | D33: _MUHASEBE | E33: 28699369338 | F33: 96358353 | G33: 1 | H33: ABDULLAH KARAHANCI | I33: 40000 | J33: 40000 | K33: 0 | L33: 40000
B34: 2024 | C34: 2 | D34: _D.ELEMAN | E34: 36826974454 | F34: 95573006 | G34: 1 | H34: CUMA HAVAN | I34: 17002 | J34: 17002 | K34: 0 | L34: 17002
B35: 2024 | C35: 2 | D35: _D.ELEMAN | E35: 17630785580 | F35: 95529415 | G35: 1 | H35: DURSUN DURMUŞ | I35: 87000 | J35: 40000 | K35: 47000 | L35: 87000
B36: 2024 | C36: 2 | D36: _MUHASEBE | E36: 55186680706 | F36: 95787183 | G36: 1 | H36: RAMAZAN TUNCER | I36: 17002 | J36: 17002 | K36: 0 | L36: 17002
B37: 2024 | C37: 2 | D37: _D.ELEMAN | E37: 21242693324 | F37: 95532064 | G37: 1 | H37: SÜLEYMAN İP | I37: 25000 | J37: 25000 | K37: 0 | L37: 25000
B38: 2024 | C38: 2 | D38: _D.ELEMAN | E38: 17159801204 | F38: 95532066 | G38: 1 | H38: ŞENOL DURMUŞ | I38: 35000 | J38: 35000 | K38: 0 | L38: 35000
B39: 2024 | C39: 2 | D39: _OPERATÖR | E39: 23764482950 | F39: 95532077 | G39: 1 | H39: VEYSEL DUYMAZ | I39: 25000 | J39: 25000 | K39: 0 | L39: 25000 | N39: 10,000 avans kesintisi
B40: 2024 | C40: 2 | D40: _ŞOFÖR | E40: 25672444846 | F40: 95693810 | G40: 1 | H40: MUSTAFA KAHRAMAN | I40: 28000 | J40: 28000 | K40: 0 | L40: 28000
B41: 2024 | C41: 2 | D41: _OPERATÖR | E41: 33853146700 | F41: 96959868 | G41: 1 | H41: MEHMET ALİ ALTINOK | I41: 33834.34 | J41: 33834.34 | K41: 0 | L41: 33834.34
B42: 2024 | C42: 2 | D42: _MÜHNEDİS | E42: 51994540164 | F42: 96900867 | G42: 1 | H42: DURSUN ALİ NAZİK | I42: 40000 | J42: 40000 | K42: 0 | L42: 40000
B43: 2024 | C43: 2 | D43: _KANTAR | E43: 23713484608 | F43: 97189681 | G43: 1 | H43: CİHAN DUYMAZ | I43: 30000 | J43: 30000 | K43: 0 | L43: 30000
B44: 2024 | C44: 2 | D44: _D.ELEMAN | E44: 17891875174 | F44: 6214238 | G44: 1 | H44: OSMAN KAYALI | I44: 17002 | J44: 17002 | K44: 0 | L44: 17002
B45: 2024 | C45: 2 | D45: _OPERATÖR | E45: 38233125580 | F45: 95532065 | G45: 1 | H45: SERCAN BARDAKCI | I45: 36250 | J45: 36250 | K45: 0 | L45: 36250
B46: 2024 | C46: 2 | D46: _AİLE | E46: 18736701092 | F46: 95547779 | G46: 1 | H46: FATMA KOCATÜRK | I46: 30000 | J46: 17002 | K46: 12998 | L46: 30000
B47: 2024 | C47: 2 | D47: _çaycı | E47: 0 | F47: 0 | G47: 0 | H47: ŞİNASİ VURAL POLAT | I47: 18685 | J47: 18685 | K47: 0 | L47: 18685 | N47: işten çıkış
B48: 2024 | C48: 2 | D48: _ŞOFÖR | E48: 29107341298 | F48: 0 | G48: 0 | H48: MUSTAFA KARADEMİR | I48: 30000 | J48: 0 | K48: 30000 | L48: 30000
B49: 2024 | C49: 2 | D49: _ŞOFÖR | E49: 10459950610 | F49: 97226520 | G49: 1 | H49: EMRULLAH BOZ | I49: 30000 | J49: 30000 | K49: 0 | L49: 30000
B50: 2024 | C50: 2 | D50: _OPERATÖR | E50: 63097169876 | F50: 96843148 | G50: 1 | H50: AYHAN DOĞRU | I50: 35000 | J50: 35000 | K50: 0 | L50: 35000
B51: 2024 | C51: 2 | D51: _BEKÇİ | E51: 0 | F51: 0 | G51: 0 | H51: KADİR BEKÇİ | I51: 20000 | J51: 0 | K51: 15000 | L51: 15000 | M51: -5000 | N51: avans
B52: 2024 | C52: 2 | D52: _MUHASEBE | E52: 18727701384 | F52: 98682849 | G52: 1 | H52: BURAK KOCATÜRK | I52: 32500 | J52: 32500 | K52: 0 | L52: 32500
B53: 2024 | C53: 2 | D53: _ŞOFÖR | E53: 0 | F53: 0 | G53: 0 | H53: OSMAN BİLGİN | I53: 30000 | J53: 0 | K53: 30000 | L53: 30000
B54: 2024 | C54: 2 | D54: _ŞOFÖR | E54: 0 | F54: 0 | G54: 0 | H54: YILMAZ YILMAZ | I54: 30000 | J54: 0 | K54: 30000 | L54: 30000
B55: 2024 | C55: 2 | D55: _TAMİR | E55: 14188598600 | F55: 0 | G55: 0 | H55: ALİM MEDETOĞULLARI | I55: 35000 | J55: 0 | K55: 30000 | L55: 30000 | M55: -5000 | N55: avans
B56: 2024 | C56: 2 | D56: _OPERATÖR | E56: 20743377542 | F56: 99029232 | G56: 1 | H56: ÜMİT YİĞİT | I56: 36250 | J56: 36250 | K56: 0 | L56: 36250
B57: 2024 | C57: 2 | D57: _AİLE | E57: 74524099796 | F57: 98127163 | G57: 1 | H57: ALFİYA FERMAN | I57: 30000 | J57: 17002 | K57: 12998 | L57: 30000
B58: 2024 | C58: 2 | D58: _AİLE | E58: 22093575890 | F58: 96260905 | G58: 1 | H58: AJDA OZANER | I58: 30000 | J58: 30000 | K58: 0 | L58: 30000
B59: 2024 | C59: 2 | D59: _AİLE | E59: 30148302742 | F59: 97726066 | G59: 1 | H59: AYŞEGÜL OZANER | I59: 17002 | J59: 17002 | K59: 0 | L59: 17002
B60: 2024 | C60: 2 | D60: _AİLE | E60: 64996156028 | F60: 95539771 | G60: 1 | H60: MELEKNUR YILMAZ | I60: 30000 | J60: 30000 | K60: 0 | L60: 30000
B61: 2024 | C61: 2 | D61: _AİLE | E61: 0 | F61: 0 | G61: 0 | H61: YAHYA-ÖMER | I61: 15000 | J61: 0 | K61: 15000 | L61: 15000
B62: 2024 | C62: 2 | D62: _AİLE | E62: 0 | F62: 0 | G62: 0 | H62: YAHYA-NAFAKA | I62: 20000 | J62: 0 | K62: 20000 | L62: 20000
B63: 2024 | C63: 3 | D63: _MUHASEBE | E63: 28699369338 | F63: 96358353 | G63: Ziraat | H63: ABDULLAH KARAHANCI | I63: 40000 | J63: 40000 | K63: 0 | L63: 40000
B64: 2024 | C64: 3 | D64: _D.ELEMAN | E64: 36826974454 | F64: 95573006 | G64: Ziraat | H64: CUMA HAVAN | I64: 17002 | J64: 17002 | K64: 0 | L64: 17002
B65: 2024 | C65: 3 | D65: _D.ELEMAN | E65: 17630785580 | F65: 95529415 | G65: Ziraat | H65: DURSUN DURMUŞ | I65: 87000 | J65: 40000 | K65: 47000 | L65: 87000
B66: 2024 | C66: 3 | D66: _MUHASEBE | E66: 55186680706 | F66: 95787183 | G66: Ziraat | H66: RAMAZAN TUNCER | I66: 17002 | J66: 17002 | K66: 0 | L66: 17002
B67: 2024 | C67: 3 | D67: _D.ELEMAN | E67: 21242693324 | F67: 95532064 | G67: Ziraat | H67: SÜLEYMAN İP | I67: 25000 | J67: 25000 | K67: 0 | L67: 25000
B68: 2024 | C68: 3 | D68: _D.ELEMAN | E68: 17159801204 | F68: 95532066 | G68: Ziraat | H68: ŞENOL DURMUŞ | I68: 35000 | J68: 35000 | K68: 0 | L68: 35000
B69: 2024 | C69: 3 | D69: _OPERATÖR | E69: 23764482950 | F69: 95532077 | G69: Ziraat | H69: VEYSEL DUYMAZ | I69: 35000 | J69: 25000 | K69: 0 | L69: 25000 | M69: -10000 | N69: 10,000 avans kesintisi
B70: 2024 | C70: 3 | D70: _ŞOFÖR | E70: 25672444846 | F70: 95693810 | G70: Ziraat | H70: MUSTAFA KAHRAMAN | I70: 30000 | J70: 27000 | K70: 0 | L70: 27000 | M70: -3000 | N70: 3gün eksik
B71: 2024 | C71: 3 | D71: _OPERATÖR | E71: 33853146700 | F71: 96959868 | G71: Kuveyt | H71: MEHMET ALİ ALTINOK | I71: 35000 | J71: 35000 | K71: 0 | L71: 35000
B72: 2024 | C72: 3 | D72: _MÜHNEDİS | E72: 51994540164 | F72: 96900867 | G72: Ziraat | H72: DURSUN ALİ NAZİK | I72: 40000 | J72: 40000 | K72: 0 | L72: 40000
B73: 2024 | C73: 3 | D73: _KANTAR | E73: 23713484608 | F73: 97189681 | G73: Ziraat | H73: CİHAN DUYMAZ | I73: 30000 | J73: 30000 | K73: 0 | L73: 30000
B74: 2024 | C74: 3 | D74: _D.ELEMAN | E74: 17891875174 | F74: 6214238 | G74: Ziraat | H74: OSMAN KAYALI | I74: 17002 | J74: 17002 | K74: 0 | L74: 17002
B75: 2024 | C75: 3 | D75: _OPERATÖR | E75: 38233125580 | F75: 95532065 | G75: Ziraat | H75: SERCAN BARDAKCI | I75: 37500 | J75: 37500 | K75: 0 | L75: 37500
B76: 2024 | C76: 3 | D76: _AİLE | E76: 18736701092 | F76: 95547779 | G76: Ziraat | H76: FATMA KOCATÜRK | I76: 30000 | J76: 17002 | K76: 12998 | L76: 30000
B77: 2024 | C77: 3 | D77: _ŞOFÖR | E77: 29107341298 | F77: 0 | G77: Ziraat | H77: MUSTAFA KARADEMİR | I77: 30000 | J77: 30000 | K77: 0 | L77: 30000
B78: 2024 | C78: 3 | D78: _ŞOFÖR | E78: 10459950610 | F78: 97226520 | G78: Ziraat | H78: EMRULLAH BOZ | I78: 30000 | J78: 28000 | K78: 0 | L78: 28000 | M78: -2000 | N78: 2 gün eksik
B79: 2024 | C79: 3 | D79: _OPERATÖR | E79: 63097169876 | F79: 96843148 | G79: Ziraat | H79: AYHAN DOĞRU | I79: 35000 | J79: 35000 | K79: 0 | L79: 35000
B80: 2024 | C80: 3 | D80: _BEKÇİ | E80: 0 | F80: 0 | H80: KADİR BEKÇİ | I80: 20000 | J80: 0 | K80: 20000 | L80: 20000
B81: 2024 | C81: 3 | D81: _MUHASEBE | E81: 18727701384 | F81: 98682849 | G81: Ziraat | H81: BURAK KOCATÜRK | I81: 32500 | J81: 32500 | K81: 0 | L81: 32500
B82: 2024 | C82: 3 | D82: _ŞOFÖR | E82: 0 | F82: 0 | G82: Diğer | H82: OSMAN BİLGİN | I82: 30000 | J82: 30000 | K82: 0 | L82: 30000
B83: 2024 | C83: 3 | D83: _ŞOFÖR | E83: 0 | F83: 0 | G83: Ziraat | H83: YILMAZ YILMAZ | I83: 30000 | J83: 30000 | K83: 0 | L83: 30000
B84: 2024 | C84: 3 | D84: _TAMİR | E84: 14188598600 | F84: 0 | G84: Ziraat | H84: ALİM MEDETOĞULLARI | I84: 35000 | J84: 35000 | K84: 0 | L84: 35000
B85: 2024 | C85: 3 | D85: _OPERATÖR | E85: 20743377542 | F85: 99029232 | G85: Ziraat | H85: ÜMİT YİĞİT | I85: 37500 | J85: 37500 | K85: 0 | L85: 37500
B86: 2024 | C86: 3 | D86: _OPERATÖR | E86: 42622163084 | F86: 0 | G86: Ziraat | H86: İSMET DENİZ | I86: 26833.33 | J86: 26833.33 | K86: 0 | L86: 26833.33
B87: 2024 | C87: 3 | D87: _MUTFAK | E87: 24235463638 | F87: 0 | G87: Ziraat | H87: NERMİN ŞEN | I87: 23000 | J87: 23000 | K87: 0 | L87: 23000
B88: 2024 | C88: 3 | D88: _AİLE | E88: 74524099796 | F88: 98127163 | G88: Kuveyt | H88: ALFİYA FERMAN | I88: 30000 | J88: 17002 | K88: 12998 | L88: 30000
B89: 2024 | C89: 3 | D89: _AİLE | E89: 22093575890 | F89: 96260905 | G89: Kuveyt | H89: AJDA OZANER | I89: 30000 | J89: 30000 | K89: 0 | L89: 30000
B90: 2024 | C90: 3 | D90: _AİLE | E90: 30148302742 | F90: 97726066 | G90: Kuveyt | H90: AYŞEGÜL OZANER | I90: 17002 | J90: 17002 | K90: 0 | L90: 17002
B91: 2024 | C91: 3 | D91: _AİLE | E91: 64996156028 | F91: 95539771 | G91: Kuveyt | H91: MELEKNUR YILMAZ | I91: 30000 | J91: 30000 | K91: 0 | L91: 30000
B92: 2024 | C92: 3 | D92: _AİLE | E92: 0 | F92: 0 | H92: YAHYA-ÖMER | I92: 15000 | J92: 0 | K92: 15000 | L92: 15000
B93: 2024 | C93: 3 | D93: _AİLE | E93: 0 | F93: 0 | H93: YAHYA-NAFAKA | I93: 20000 | J93: 0 | K93: 20000 | L93: 20000
B94: 2024 | C94: 4 | D94: _MUHASEBE | E94: 28699369338 | F94: 96358353 | G94: Ziraat | H94: ABDULLAH KARAHANCI | I94: 40000 | J94: 40000 | K94: 0 | L94: 40000
B95: 2024 | C95: 4 | D95: _D.ELEMAN | E95: 36826974454 | F95: 95573006 | H95: CUMA HAVAN | I95: 17002 | J95: 17002 | K95: 0 | L95: 17002
B96: 2024 | C96: 4 | D96: _D.ELEMAN | E96: 17630785580 | F96: 95529415 | G96: Ziraat | H96: DURSUN DURMUŞ | I96: 87000 | J96: 2666.7 | K96: 84333.3 | L96: 87000
B97: 2024 | C97: 4 | D97: _MUHASEBE | E97: 55186680706 | F97: 95787183 | G97: Ziraat | H97: RAMAZAN TUNCER | I97: 17002 | J97: 17002 | K97: 0 | L97: 17002
B98: 2024 | C98: 4 | D98: _D.ELEMAN | E98: 21242693324 | F98: 95532064 | G98: Ziraat | H98: SÜLEYMAN İP | I98: 25000 | J98: 1666.8 | K98: 23333.2 | L98: 25000
B99: 2024 | C99: 4 | D99: _D.ELEMAN | E99: 17159801204 | F99: 95532066 | G99: Ziraat | H99: ŞENOL DURMUŞ | I99: 35000 | J99: 35000 | K99: 0 | L99: 35000
B100: 2024 | C100: 4 | D100: _OPERATÖR | E100: 23764482950 | F100: 95532077 | G100: Ziraat | H100: VEYSEL DUYMAZ | I100: 35000 | J100: 2333 | K100: 32667 | L100: 35000
...

Sheet bordro_2023_
B1: YIL | C1: AY | D1: SSK FRM | E1: TC KİMLİK NO | F1: MÜŞT. NO | G1: EK | H1: Personel | I1: BANKA | J1: G. Maaş | K1: SGK-BNK | L1: E. | M1: B+E | N1: Eld. [+/-] | O1: Açıklama | P1: Bnk. Avans/Rapor | Q1: Eks.Gün | R1: Yİ | S1: Açıklama2
B2: 2021 | C2: 1 | D2: HALİL Y | E2: 28699369338 | F2: 96358353 | G2: 1 | H2: ABDULLAH KARAHANCI | I2: 3350 | J2: 3350 | K2: 3350 | L2: 0 | M2: 3350
B3: 2021 | C3: 1 | D3: HALİL Y | E3: 63097169876 | F3: 96843148 | G3: 1 | H3: AYHAN DOĞRU | I3: 547 | J3: 4000 | K3: 547 | L3: 3453 | M3: 4000 | Q3: 25
B4: 2021 | C4: 1 | D4: HALİL Y | E4: 36826974454 | F4: 95573006 | G4: 1 | H4: CUMA HAVAN | I4: 3013.72 | J4: 3013.72 | K4: 3013.72 | L4: 0 | M4: 3013.72
B5: 2021 | C5: 1 | D5: HALİL Y | E5: 17630785580 | F5: 95529415 | G5: 1 | H5: DURSUN DURMUŞ | I5: 3188.13 | J5: 7188.13 | K5: 3188.13 | L5: 4000 | M5: 7188.13
B6: 2021 | C6: 1 | D6: HALİL Y | E6: 27172394690 | F6: 95702622 | G6: 1 | H6: KERİM ŞİMŞEK | I6: 3300 | J6: 3300.03 | K6: 3300 | L6: 0.03 | M6: 3300.03
B7: 2021 | C7: 1 | D7: HALİL Y | E7: 64996156028 | F7: 95539771 | G7: 1 | H7: MELEKNUR YILMAZ | I7: 2825.9 | J7: 2825.9 | K7: 2825.9 | L7: 0 | M7: 2825.9
B8: 2021 | C8: 1 | D8: HALİL Y | E8: 59233322526 | F8: 96712272 | G8: 1 | H8: ORHAN UZUN | I8: 2216.83 | J8: 2216.83 | K8: 2216.83 | L8: -1000 | M8: 1216.83 | N8: -1000 | P8: -1283.17 | Q8: 4
B9: 2021 | C9: 1 | D9: HALİL Y | E9: 55186680706 | F9: 95787183 | G9: 1 | H9: RAMAZAN TUNCER | I9: 1530.4 | J9: 5000 | K9: 1530.4 | L9: 3469.6 | M9: 5000
B10: 2021 | C10: 1 | D10: HALİL Y | E10: 21242693324 | F10: 95532064 | G10: 1 | H10: SÜLEYMAN İP | I10: 2825.9 | J10: 2825.9 | K10: 2825.9 | L10: 0 | M10: 2825.9
B11: 2021 | C11: 1 | D11: HALİL Y | E11: 17159801204 | F11: 95532066 | G11: 1 | H11: ŞENOL DURMUŞ | I11: 2919.81 | J11: 2919.81 | K11: 2919.81 | L11: 0 | M11: 2919.81
B12: 2021 | C12: 1 | D12: HALİL Y | E12: 66385338732 | F12: 96717247 | G12: 1 | H12: ŞİRİN GENCE | I12: 2825.9 | J12: 2825.9 | K12: 2825.9 | L12: 0 | M12: 2825.9
B13: 2021 | C13: 1 | D13: HALİL Y | E13: 23764482950 | F13: 95532077 | G13: 1 | H13: VEYSEL DUYMAZ | I13: 547 | J13: 3300 | K13: 547 | L13: 2253 | M13: 2800 | N13: -500 | Q13: 25 | R13: 1
B14: 2021 | C14: 1 | D14: Y KUM | E14: 18274523170 | F14: 95532068 | G14: 1 | H14: BEKİR TAŞÇILAR | I14: 547 | J14: 3300 | K14: 547 | L14: 2753 | M14: 3300 | Q14: 25 | R14: 3
B15: 2021 | C15: 1 | D15: Y KUM | E15: 25672444846 | F15: 95693810 | G15: 1 | H15: MUSTAFA KARAMAN | I15: 3300 | J15: 3300 | K15: 3300 | L15: 0 | M15: 3300
B16: 2021 | C16: 1 | D16: Y KUM | E16: 39617231002 | F16: 95532072 | G16: 1 | H16: RÜSTEM ÜLFEM | I16: 3300 | J16: 3300 | K16: 3300 | L16: 0 | M16: 3300 | R16: 3
B17: 2021 | C17: 1 | D17: Y KUM | E17: 15394555838 | F17: 95580195 | G17: 1 | H17: YILMAZ YILMAZ | I17: 547 | J17: 3300 | K17: 547 | L17: 2753 | M17: 3300 | Q17: 25
B18: 2021 | C18: 1 | D18: Y KUM | E18: 14084651324 | F18: 96100644 | G18: 1 | H18: ÇETİN ERGİN | I18: 2825.9 | J18: 2825.9 | K18: 2825.9 | L18: 0 | M18: 2825.9 | N18: 0 | O18: Sonraki aya 150 tl avans devir | S18: Sonraki aya 150 tl avans devir
B19: 2021 | C19: 1 | D19: Y KUM | E19: 36133121404 | F19: 94985817 | G19: 1 | H19: ÖMER KÖROĞLU | I19: 2825.9 | J19: 6000 | K19: 2825.9 | L19: 3174.1 | M19: 6000
B20: 2021 | C20: 1 | D20: HALİL Y | E20: 33853146700 | F20: 96959868 | G20: 1 | H20: MEHMET ALİ ALTIOK | I20: 547 | J20: 4000 | K20: 547 | L20: 3453 | M20: 4000 | Q20: 25
B21: 2021 | C21: 1 | D21: HALİL Y | E21: 51994540164 | F21: 96900867 | G21: 1 | H21: DURSUN ALİ NAZİK | I21: 2825.9 | J21: 2825.9 | K21: 2825.9 | L21: 0 | M21: 2825.9
B22: 2021 | C22: 1 | D22: HALİL Y | E22: 52657562356 | F22: 97011710 | G22: 1 | H22: EMRE SÖNMEZ | I22: 2825.9 | J22: 2825.9 | K22: 2825.9 | L22: 0 | M22: 2825.9
B23: 2021 | C23: 1 | D23: HALİL Y | E23: 34324181220 | F23: 95529414 | G23: 1 | H23: İBRAHİM AKYOL | I23: 2131.82 | J23: 2131.82 | K23: 2131.82 | L23: 0 | M23: 2131.82
B24: 2021 | C24: 2 | D24: HALİL Y | E24: 28699369338 | F24: 96358353 | G24: 1 | H24: ABDULLAH KARAHANCI | I24: 3350 | J24: 3350 | K24: 3350 | L24: 0 | M24: 3350
B25: 2021 | C25: 2 | D25: HALİL Y | E25: 63097169876 | F25: 96843148 | G25: 1 | H25: AYHAN DOĞRU | I25: 547 | J25: 4000 | K25: 547 | L25: 3453 | M25: 4000 | Q25: 25
B26: 2021 | C26: 2 | D26: HALİL Y | E26: 36826974454 | F26: 95573006 | G26: 1 | H26: CUMA HAVAN | I26: 3013.72 | J26: 3013.72 | K26: 3013.72 | L26: 0 | M26: 3013.72
B27: 2021 | C27: 2 | D27: HALİL Y | E27: 17630785580 | F27: 95529415 | G27: 1 | H27: DURSUN DURMUŞ | I27: 3188.13 | J27: 7188.13 | K27: 3188.13 | L27: 4000 | M27: 7188.13
B28: 2021 | C28: 2 | D28: HALİL Y | E28: 27172394690 | F28: 95702622 | G28: 1 | H28: KERİM ŞİMŞEK | I28: 2548 | J28: 2548.03 | K28: 2548 | L28: 0.03 | M28: 2548.03 | P28: -752
B29: 2021 | C29: 2 | D29: HALİL Y | E29: 64996156028 | F29: 95539771 | G29: 1 | H29: MELEKNUR YILMAZ | I29: 2825.9 | J29: 2825.9 | K29: 2825.9 | L29: 0 | M29: 2825.9
B30: 2021 | C30: 2 | D30: HALİL Y | E30: 59233322526 | F30: 96712272 | G30: 1 | H30: ORHAN UZUN | I30: 3500 | J30: 3500 | K30: 3500 | L30: 0 | M30: 3500
B31: 2021 | C31: 2 | D31: HALİL Y | E31: 55186680706 | F31: 95787183 | G31: 1 | H31: RAMAZAN TUNCER | I31: 1530.4 | J31: 5000 | K31: 1530.4 | L31: 3469.6 | M31: 5000
B32: 2021 | C32: 2 | D32: HALİL Y | E32: 21242693324 | F32: 95532064 | G32: 1 | H32: SÜLEYMAN İP | I32: 2825.9 | J32: 2825.9 | K32: 2825.9 | L32: 0 | M32: 2825.9
B33: 2021 | C33: 2 | D33: HALİL Y | E33: 17159801204 | F33: 95532066 | G33: 1 | H33: ŞENOL DURMUŞ | I33: 2919.81 | J33: 2919.81 | K33: 2919.81 | L33: 0 | M33: 2919.81
B34: 2021 | C34: 2 | D34: HALİL Y | E34: 66385338732 | F34: 96717247 | G34: 1 | H34: ŞİRİN GENCE | I34: 2825.9 | J34: 2825.9 | K34: 2825.9 | L34: 0 | M34: 2825.9
B35: 2021 | C35: 2 | D35: HALİL Y | E35: 23764482950 | F35: 95532077 | G35: 1 | H35: VEYSEL DUYMAZ | I35: 547 | J35: 3300 | K35: 547 | L35: 2753 | M35: 3300 | Q35: 25
B36: 2021 | C36: 2 | D36: Y KUM | E36: 18274523170 | F36: 95532068 | G36: 1 | H36: BEKİR TAŞÇILAR | I36: 547 | J36: 3300 | K36: 547 | L36: 2753 | M36: 3300 | Q36: 25
B37: 2021 | C37: 2 | D37: Y KUM | E37: 25672444846 | F37: 95693810 | G37: 1 | H37: MUSTAFA KARAMAN | I37: 3300 | J37: 3300 | K37: 3300 | L37: 0 | M37: 3300
B38: 2021 | C38: 2 | D38: Y KUM | E38: 39617231002 | F38: 95532072 | G38: 1 | H38: RÜSTEM ÜLFEM | I38: 3300 | J38: 3300 | K38: 3300 | L38: 0 | M38: 3300
B39: 2021 | C39: 2 | D39: Y KUM | E39: 15394555838 | F39: 95580195 | G39: 1 | H39: YILMAZ YILMAZ | I39: 547 | J39: 3300 | K39: 547 | L39: 2753 | M39: 3300 | Q39: 25
B40: 2021 | C40: 2 | D40: Y KUM | E40: 14084651324 | F40: 96100644 | G40: 1 | H40: ÇETİN ERGİN | I40: 2825.9 | J40: 2825.9 | K40: 2825.9 | L40: 350 | M40: 3175.9 | N40: 350
B41: 2021 | C41: 2 | D41: Y KUM | E41: 36133121404 | F41: 94985817 | G41: 1 | H41: ÖMER KÖROĞLU | I41: 2825.9 | J41: 6000 | K41: 2825.9 | L41: 3174.1 | M41: 6000 | Q41: 15
B42: 2021 | C42: 2 | D42: HALİL Y | E42: 33853146700 | F42: 96959868 | G42: 1 | H42: MEHMET ALİ ALTIOK | I42: 547 | J42: 4000 | K42: 547 | L42: 3153 | M42: 3700 | N42: -300 | Q42: 25
B43: 2021 | C43: 2 | D43: HALİL Y | E43: 51994540164 | F43: 96900867 | G43: 1 | H43: DURSUN ALİ NAZİK | I43: 2825.9 | J43: 2825.9 | K43: 2825.9 | L43: 0 | M43: 2825.9
B44: 2021 | C44: 2 | D44: HALİL Y | E44: 52657562356 | F44: 97011710 | G44: 1 | H44: EMRE SÖNMEZ | I44: 2825.9 | J44: 2825.9 | K44: 2825.9 | L44: 0 | M44: 2825.9
B45: 2021 | C45: 3 | D45: HALİL Y | E45: 28699369338 | F45: 96358353 | G45: 1 | H45: ABDULLAH KARAHANCI | I45: 3350 | J45: 3350 | K45: 3350 | L45: 0 | M45: 3350
B46: 2021 | C46: 3 | D46: HALİL Y | E46: 63097169876 | F46: 96843148 | G46: 1 | H46: AYHAN DOĞRU | I46: 547 | J46: 4000 | K46: 547 | L46: 3453 | M46: 4000 | Q46: 25
B47: 2021 | C47: 3 | D47: HALİL Y | E47: 36826974454 | F47: 95573006 | G47: 1 | H47: CUMA HAVAN | I47: 3013.72 | J47: 3013.72 | K47: 3013.72 | L47: 0 | M47: 3013.72
B48: 2021 | C48: 3 | D48: HALİL Y | E48: 17630785580 | F48: 95529415 | G48: 1 | H48: DURSUN DURMUŞ | I48: 3188.13 | J48: 7188.13 | K48: 3188.13 | L48: 4000 | M48: 7188.13
B49: 2021 | C49: 3 | D49: HALİL Y | E49: 27172394690 | F49: 95702622 | G49: 1 | H49: KERİM ŞİMŞEK | I49: 3300 | J49: 3300.03 | K49: 3300 | L49: 0.03 | M49: 3300.03
B50: 2021 | C50: 3 | D50: HALİL Y | E50: 64996156028 | F50: 95539771 | G50: 1 | H50: MELEKNUR YILMAZ | I50: 2825.9 | J50: 2825.9 | K50: 2825.9 | L50: 0 | M50: 2825.9
B51: 2021 | C51: 3 | D51: HALİL Y | E51: 59233322526 | F51: 96712272 | G51: 1 | H51: ORHAN UZUN | I51: 3500 | J51: 3500 | K51: 3500 | L51: 0 | M51: 3500
B52: 2021 | C52: 3 | D52: HALİL Y | E52: 55186680706 | F52: 95787183 | G52: 1 | H52: RAMAZAN TUNCER | I52: 1530.4 | J52: 5000 | K52: 1530.4 | L52: 3469.6 | M52: 5000 | Q52: 15
B53: 2021 | C53: 3 | D53: HALİL Y | E53: 21242693324 | F53: 95532064 | G53: 1 | H53: SÜLEYMAN İP | I53: 2825.9 | J53: 2825.9 | K53: 2825.9 | L53: 0 | M53: 2825.9
B54: 2021 | C54: 3 | D54: HALİL Y | E54: 17159801204 | F54: 95532066 | G54: 1 | H54: ŞENOL DURMUŞ | I54: 2919.81 | J54: 2919.81 | K54: 2919.81 | L54: 0 | M54: 2919.81
B55: 2021 | C55: 3 | D55: HALİL Y | E55: 66385338732 | F55: 96717247 | G55: 1 | H55: ŞİRİN GENCE | I55: 2119.43 | J55: 2119.43 | K55: 2119.43 | L55: 0 | M55: 2119.43 | O55: 1/4 18.icra 2020/8687 | P55: -706.48 | S55: 1/4 18.icra 2020/8687
B56: 2021 | C56: 3 | D56: HALİL Y | E56: 23764482950 | F56: 95532077 | G56: 1 | H56: VEYSEL DUYMAZ | I56: 547 | J56: 3300 | K56: 547 | L56: 2753 | M56: 3300 | Q56: 25
B57: 2021 | C57: 3 | D57: Y KUM | E57: 18274523170 | F57: 95532068 | G57: 1 | H57: BEKİR TAŞÇILAR | I57: 547 | J57: 3300 | K57: 547 | L57: 2753 | M57: 3300 | Q57: 25
B58: 2021 | C58: 3 | D58: Y KUM | E58: 25672444846 | F58: 95693810 | G58: 1 | H58: MUSTAFA KARAMAN | I58: 3300 | J58: 3300 | K58: 3300 | L58: 0 | M58: 3300
B59: 2021 | C59: 3 | D59: Y KUM | E59: 39617231002 | F59: 95532072 | G59: 1 | H59: RÜSTEM ÜLFEM | I59: 3300 | J59: 3300 | K59: 3300 | L59: 0 | M59: 3300
B60: 2021 | C60: 3 | D60: Y KUM | E60: 15394555838 | F60: 95580195 | G60: 1 | H60: YILMAZ YILMAZ | I60: 547 | J60: 3300 | K60: 547 | L60: 2753 | M60: 3300 | Q60: 25 | R60: 1
B61: 2021 | C61: 3 | D61: HALİL Y | E61: 33853146700 | F61: 96959868 | G61: 1 | H61: MEHMET ALİ ALTIOK | I61: 547 | J61: 4000 | K61: 547 | L61: 3453 | M61: 4000 | Q61: 25
B62: 2021 | C62: 3 | D62: HALİL Y | E62: 51994540164 | F62: 96900867 | G62: 1 | H62: DURSUN ALİ NAZİK | I62: 2825.9 | J62: 2825.9 | K62: 2825.9 | L62: 0 | M62: 2825.9
B63: 2021 | C63: 3 | D63: HALİL Y | E63: 52657562356 | F63: 97011710 | G63: 1 | H63: EMRE SÖNMEZ | I63: 2825.9 | J63: 2825.9 | K63: 2825.9 | L63: 0 | M63: 2825.9
B64: 2021 | C64: 4 | D64: HALİL Y | E64: 28699369338 | F64: 96358353 | G64: 1 | H64: ABDULLAH KARAHANCI | I64: 4000 | J64: 4000 | K64: 4000 | L64: 0 | M64: 4000
B65: 2021 | C65: 4 | D65: HALİL Y | E65: 63097169876 | F65: 96843148 | G65: 1 | H65: AYHAN DOĞRU | I65: 547 | J65: 4300 | K65: 547 | L65: 3753 | M65: 4300 | Q65: 25
B66: 2021 | C66: 4 | D66: HALİL Y | E66: 36826974454 | F66: 95573006 | G66: 1 | H66: CUMA HAVAN | I66: 3313.72 | J66: 3313.72 | K66: 3313.72 | L66: 0 | M66: 3313.72
B67: 2021 | C67: 4 | D67: HALİL Y | E67: 17630785580 | F67: 95529415 | G67: 1 | H67: DURSUN DURMUŞ | I67: 3188.13 | J67: 7188.13 | K67: 3188.13 | L67: 4000 | M67: 7188.13
B68: 2021 | C68: 4 | D68: HALİL Y | E68: 27172394690 | F68: 95702622 | G68: 1 | H68: KERİM ŞİMŞEK | I68: 3600 | J68: 3600.03 | K68: 3600 | L68: 0.03 | M68: 3600.03
B69: 2021 | C69: 4 | D69: HALİL Y | E69: 64996156028 | F69: 95539771 | G69: 1 | H69: MELEKNUR YILMAZ | I69: 3000 | J69: 3000 | K69: 3000 | L69: 0 | M69: 3000
B70: 2021 | C70: 4 | D70: HALİL Y | E70: 59233322526 | F70: 96712272 | G70: 1 | H70: ORHAN UZUN | I70: 4000 | J70: 4000 | K70: 4000 | L70: 0 | M70: 4000
B71: 2021 | C71: 4 | D71: HALİL Y | E71: 55186680706 | F71: 95787183 | G71: 1 | H71: RAMAZAN TUNCER | I71: 1530.4 | J71: 5000 | K71: 1530.4 | L71: 3469.6 | M71: 5000 | Q71: 15
B72: 2021 | C72: 4 | D72: HALİL Y | E72: 21242693324 | F72: 95532064 | G72: 1 | H72: SÜLEYMAN İP | I72: 3600 | J72: 3600 | K72: 3600 | L72: 0 | M72: 3600
B73: 2021 | C73: 4 | D73: HALİL Y | E73: 17159801204 | F73: 95532066 | G73: 1 | H73: ŞENOL DURMUŞ | I73: 3600 | J73: 3600 | K73: 3600 | L73: 0 | M73: 3600
B74: 2021 | C74: 4 | D74: HALİL Y | E74: 66385338732 | F74: 96717247 | G74: 1 | H74: ŞİRİN GENCE | I74: 2418.53 | J74: 2418.53 | K74: 2418.53 | L74: 0 | M74: 2418.53 | O74: 1/4 18.icra 2020/8687 | P74: -706.48 | S74: 1/4 18.icra 2020/8687
B75: 2021 | C75: 4 | D75: HALİL Y | E75: 23764482950 | F75: 95532077 | G75: 1 | H75: VEYSEL DUYMAZ | I75: 547 | J75: 3600 | K75: 547 | L75: 3053 | M75: 3600 | Q75: 25
B76: 2021 | C76: 4 | D76: Y KUM | E76: 18274523170 | F76: 95532068 | G76: 1 | H76: BEKİR TAŞÇILAR | I76: 547 | J76: 3600 | K76: 547 | L76: 3053 | M76: 3600 | Q76: 25
B77: 2021 | C77: 4 | D77: Y KUM | E77: 25672444846 | F77: 95693810 | G77: 1 | H77: MUSTAFA KARAMAN | I77: 3600 | J77: 3600 | K77: 3600 | L77: 0 | M77: 3600
B78: 2021 | C78: 4 | D78: Y KUM | E78: 39617231002 | F78: 95532072 | G78: 1 | H78: RÜSTEM ÜLFEM | I78: 3600 | J78: 3600 | K78: 3600 | L78: 0 | M78: 3600
B79: 2021 | C79: 4 | D79: Y KUM | E79: 15394555838 | F79: 95580195 | G79: 1 | H79: YILMAZ YILMAZ | I79: 547 | J79: 3600 | K79: 547 | L79: 3053 | M79: 3600 | Q79: 25
B80: 2021 | C80: 4 | D80: HALİL Y | E80: 33853146700 | F80: 96959868 | G80: 1 | H80: MEHMET ALİ ALTIOK | I80: 547 | J80: 4300 | K80: 547 | L80: 3753 | M80: 4300 | Q80: 25
B81: 2021 | C81: 4 | D81: HALİL Y | E81: 51994540164 | F81: 96900867 | G81: 1 | H81: DURSUN ALİ NAZİK | I81: 2825.9 | J81: 2825.9 | K81: 2825.9 | L81: 0 | M81: 2825.9
B82: 2021 | C82: 4 | D82: HALİL Y | E82: 52657562356 | F82: 97011710 | G82: 1 | H82: EMRE SÖNMEZ | I82: 2825.9 | J82: 2825.9 | K82: 2825.9 | L82: 0 | M82: 2825.9
B83: 2021 | C83: 5 | D83: HALİL Y | E83: 28699369338 | F83: 96358353 | G83: 1 | H83: ABDULLAH KARAHANCI | I83: 4000 | J83: 4000 | K83: 4000 | L83: 0 | M83: 4000
B84: 2021 | C84: 5 | D84: HALİL Y | E84: 63097169876 | F84: 96843148 | G84: 1 | H84: AYHAN DOĞRU | I84: 547 | J84: 4300 | K84: 547 | L84: 3753 | M84: 4300 | Q84: 25
B85: 2021 | C85: 5 | D85: HALİL Y | E85: 36826974454 | F85: 95573006 | G85: 1 | H85: CUMA HAVAN | I85: 3313.72 | J85: 3313.72 | K85: 3313.72 | L85: 0 | M85: 3313.72
B86: 2021 | C86: 5 | D86: HALİL Y | E86: 17630785580 | F86: 95529415 | G86: 1 | H86: DURSUN DURMUŞ | I86: 3188.13 | J86: 7188.13 | K86: 3188.13 | L86: 4000 | M86: 7188.13
B87: 2021 | C87: 5 | D87: HALİL Y | E87: 27172394690 | F87: 95702622 | G87: 1 | H87: KERİM ŞİMŞEK | I87: 3600 | J87: 3600 | K87: 3300 | L87: 0 | M87: 3600 | O87: 300 avans | S87: 300 avans
B88: 2021 | C88: 5 | D88: HALİL Y | E88: 64996156028 | F88: 95539771 | G88: 1 | H88: MELEKNUR YILMAZ | I88: 3000 | J88: 3000 | K88: 3000 | L88: 0 | M88: 3000
B89: 2021 | C89: 5 | D89: HALİL Y | E89: 59233322526 | F89: 96712272 | G89: 1 | H89: ORHAN UZUN | I89: 4000 | J89: 4000 | K89: 4000 | L89: 0 | M89: 4000
B90: 2021 | C90: 5 | D90: HALİL Y | E90: 55186680706 | F90: 95787183 | G90: 1 | H90: RAMAZAN TUNCER | I90: 1530.4 | J90: 5000 | K90: 1530.4 | L90: 3469.6 | M90: 5000 | Q90: 15
B91: 2021 | C91: 5 | D91: HALİL Y | E91: 21242693324 | F91: 95532064 | G91: 1 | H91: SÜLEYMAN İP | I91: 3600 | J91: 3600 | K91: 3600 | L91: 0 | M91: 3600
B92: 2021 | C92: 5 | D92: HALİL Y | E92: 17159801204 | F92: 95532066 | G92: 1 | H92: ŞENOL DURMUŞ | I92: 3600 | J92: 3600 | K92: 3600 | L92: 0 | M92: 3600
B93: 2021 | C93: 5 | D93: HALİL Y | E93: 66385338732 | F93: 96717247 | G93: 1 | H93: ŞİRİN GENCE | I93: 2418.53 | J93: 2418.53 | K93: 2418.53 | L93: 0 | M93: 2418.53 | O93: 1/4 18.icra 2020/8687 | P93: -706.48 | S93: 1/4 18.icra 2020/8687
B94: 2021 | C94: 5 | D94: HALİL Y | E94: 23764482950 | F94: 95532077 | G94: 1 | H94: VEYSEL DUYMAZ | I94: 547 | J94: 3600 | K94: 547 | L94: 3053 | M94: 3600 | Q94: 25
B95: 2021 | C95: 5 | D95: Y KUM | E95: 18274523170 | F95: 95532068 | G95: 1 | H95: BEKİR TAŞÇILAR | I95: 547 | J95: 1267 | K95: 547 | L95: 720 | M95: 1267 | Q95: 25
B96: 2021 | C96: 5 | D96: Y KUM | E96: 25672444846 | F96: 95693810 | G96: 1 | H96: MUSTAFA KARAMAN | I96: 3600 | J96: 3600 | K96: 3600 | L96: 0 | M96: 3600
B97: 2021 | C97: 5 | D97: Y KUM | E97: 39617231002 | F97: 95532072 | G97: 1 | H97: RÜSTEM ÜLFEM | I97: 3600 | J97: 3600 | K97: 3600 | L97: 0 | M97: 3600
B98: 2021 | C98: 5 | D98: Y KUM | E98: 15394555838 | F98: 95580195 | G98: 1 | H98: YILMAZ YILMAZ | I98: 547 | J98: 3600 | K98: 547 | L98: 3053 | M98: 3600 | Q98: 25
B99: 2021 | C99: 5 | D99: HALİL Y | E99: 33853146700 | F99: 96959868 | G99: 1 | H99: MEHMET ALİ ALTIOK | I99: 547 | J99: 4300 | K99: 547 | L99: 3753 | M99: 4300 | Q99: 25
B100: 2021 | C100: 5 | D100: HALİL Y | E100: 51994540164 | F100: 96900867 | G100: 1 | H100: DURSUN ALİ NAZİK | I100: 2825.9 | J100: 2825.9 | K100: 2825.9 | L100: 0 | M100: 2825.9
...

Sheet Aylık Bordro Özet
A1: YIL | B1: - all -
A3: AY | B3: Toplam G. Maaş
A4: 1 | B4: 1078024
A5: 2 | B5: 1188024
A6: 3 | B6: 1232024
A7: 4 | B7: 1204024
A8: 5 | B8: 1203104
A9: 6 | B9: 1073104
A10: 7 | B10: 1178437
A11: 8 | B11: 1192604
A12: (empty)
A13: Total Result | B13: 9349345

Sheet Avans Takip
B1: T.Avans: | C1: =SUBTOTAL(109,#REF!) -> #REF! | D1: T.Alınan: | E1: =SUBTOTAL(109,#REF!) -> #REF! | F1: Bakiye: | G1: =C1-E1 -> #REF!
A2: Tarih | B2: Personel | C2: İşlem | D2: Avans | E2: Kesinti | F2: Açıklama | G2: Per. Bakiye
A3: 44511 | B3: MEHMET ALİ ALTIOK | C3: Avans | D3: 3624 | G3: =SUMIF(#REF!,#REF!,D$3:D3)-SUMIF(#REF!,#REF!,E$3:E3) -> #REF!
A4: 44520 | B4: MEHMET ALİ ALTIOK | C4: Avans | D4: 2000 | G4: =SUMIF(#REF!,#REF!,D$3:D4)-SUMIF(#REF!,#REF!,E$3:E4) -> #REF!
A5: 44522 | B5: MEHMET ALİ ALTIOK | C5: Avans | D5: 2000 | G5: =SUMIF(#REF!,#REF!,D$3:D5)-SUMIF(#REF!,#REF!,E$3:E5) -> #REF!
A6: 44515 | B6: MESUT ÇAVDAR | C6: Avans | D6: 5000 | G6: =SUMIF(#REF!,#REF!,D$3:D6)-SUMIF(#REF!,#REF!,E$3:E6) -> #REF!
A7: 44530 | B7: MESUT ÇAVDAR | C7: Avans | D7: 550 | G7: =SUMIF(#REF!,#REF!,D$3:D7)-SUMIF(#REF!,#REF!,E$3:E7) -> #REF!
A8: 44533 | B8: MEHMET ALİ ALTIOK | C8: Kesilen | E8: 600 | G8: =SUMIF(#REF!,#REF!,D$3:D8)-SUMIF(#REF!,#REF!,E$3:E8) -> #REF!
A9: 44912 | B9: ABDULLAH KARAHANCI | C9: Avans | D9: 5000 | G9: =SUMIF(#REF!,#REF!,D$3:D9)-SUMIF(#REF!,#REF!,E$3:E9) -> #REF!
A10: 44905 | B10: KERİM ŞİMŞEK | C10: Avans | D10: 500 | G10: =SUMIF(#REF!,#REF!,D$3:D10)-SUMIF(#REF!,#REF!,E$3:E10) -> #REF!
A11: 44567 | B11: KERİM ŞİMŞEK | C11: Kesilen | E11: 500 | G11: =SUMIF(#REF!,#REF!,D$3:D35)-SUMIF(#REF!,#REF!,E$3:E35) -> #REF!
A12: 44567 | B12: MEHMET ALİ ALTIOK | C12: Kesilen | E12: 1000 | G12: =SUMIF(#REF!,#REF!,D$3:D12)-SUMIF(#REF!,#REF!,E$3:E12) -> #REF!
A13: 44567 | B13: MESUT ÇAVDAR | C13: Kesilen | E13: 1000 | G13: =SUMIF(#REF!,#REF!,D$3:D13)-SUMIF(#REF!,#REF!,E$3:E13) -> #REF!
A14: 44593 | B14: MEHMET ALİ ALTIOK | C14: Kesilen | E14: 1000 | G14: =SUMIF(#REF!,#REF!,D$3:D14)-SUMIF(#REF!,#REF!,E$3:E14) -> #REF!
A15: 44593 | B15: MESUT ÇAVDAR | C15: Kesilen | E15: 1550 | G15: =SUMIF(#REF!,#REF!,D$3:D35)-SUMIF(#REF!,#REF!,E$3:E35) -> #REF!
A16: 44681 | B16: MEHMET ALİ ALTIOK | C16: Kesilen | E16: 1024 | G16: =SUMIF(#REF!,#REF!,D$3:D16)-SUMIF(#REF!,#REF!,E$3:E16) -> #REF!
A17: 44711 | B17: MEHMET ALİ ALTIOK | C17: Kesilen | E17: 1000 | G17: =SUMIF(#REF!,#REF!,D$3:D17)-SUMIF(#REF!,#REF!,E$3:E17) -> #REF!
A18: 44742 | B18: MEHMET ALİ ALTIOK | C18: Kesilen | E18: 1000 | G18: =SUMIF(#REF!,#REF!,D$3:D18)-SUMIF(#REF!,#REF!,E$3:E18) -> #REF!
A19: 44763 | B19: MEHMET ALİ ALTIOK | C19: Avans | D19: 1000 | G19: =SUMIF(#REF!,#REF!,D$3:D19)-SUMIF(#REF!,#REF!,E$3:E19) -> #REF!
A20: 44772 | B20: MEHMET ALİ ALTIOK | C20: Kesilen | E20: 1000 | G20: =SUMIF(#REF!,#REF!,D$3:D35)-SUMIF(#REF!,#REF!,E$3:E35) -> #REF!
A21: 44803 | B21: MEHMET ALİ ALTIOK | E21: 1000 | G21: =SUMIF(#REF!,#REF!,D$3:D21)-SUMIF(#REF!,#REF!,E$3:E21) -> #REF!
A22: 44805 | B22: MELİK KAHRAMAN | C22: Avans | D22: 2600 | G22: =SUMIF(#REF!,#REF!,D$3:D22)-SUMIF(#REF!,#REF!,E$3:E22) -> #REF!
A23: 44809 | B23: MELİK KAHRAMAN | C23: Kesilen | E23: 2600 | G23: =SUMIF(#REF!,#REF!,D$3:D23)-SUMIF(#REF!,#REF!,E$3:E23) -> #REF!
A24: 44927 | B24: MEHMET ALİ ALTIOK | C24: Kesilen | E24: 1000 | G24: =SUMIF(#REF!,#REF!,D$3:D24)-SUMIF(#REF!,#REF!,E$3:E24) -> #REF!
A25: 44931 | B25: KADİR BEKÇİ | C25: Avans | D25: 10000 | G25: =SUMIF(#REF!,#REF!,D$3:D25)-SUMIF(#REF!,#REF!,E$3:E25) -> #REF!
A26: 44960 | B26: KADİR BEKÇİ | C26: Kesilen | E26: 2000 | G26: =SUMIF(#REF!,#REF!,D$3:D26)-SUMIF(#REF!,#REF!,E$3:E26) -> #REF!
A27: 44992 | B27: KADİR BEKÇİ | C27: Kesilen | E27: 2000 | G27: =SUMIF(#REF!,#REF!,D$3:D27)-SUMIF(#REF!,#REF!,E$3:E27) -> #REF!
A28: 44972 | B28: MEHMET ALİ ALTIOK | C28: Avans | D28: 7000 | G28: =SUMIF(#REF!,#REF!,D$3:D35)-SUMIF(#REF!,#REF!,E$3:E35) -> #REF!
A29: 44984 | B29: MEHMET ALİ ALTIOK | C29: Avans | D29: 5000 | G29: =SUMIF(#REF!,#REF!,D$3:D29)-SUMIF(#REF!,#REF!,E$3:E29) -> #REF!
A30: 44992 | B30: MEHMET ALİ ALTIOK | C30: Kesilen | E30: 1000 | G30: =SUMIF(#REF!,#REF!,D$3:D30)-SUMIF(#REF!,#REF!,E$3:E30) -> #REF!
A31: 45019 | B31: MEHMET ALİ ALTIOK | C31: Kesilen | E31: 2000 | G31: =SUMIF(#REF!,#REF!,D$3:D31)-SUMIF(#REF!,#REF!,E$3:E31) -> #REF!
A32: 45019 | B32: KADİR BEKÇİ | C32: Kesilen | E32: 2000 | G32: =SUMIF(#REF!,#REF!,D$3:D32)-SUMIF(#REF!,#REF!,E$3:E32) -> #REF!
G33: =SUMIF(#REF!,#REF!,D$3:D33)-SUMIF(#REF!,#REF!,E$3:E33) -> #REF!
G34: =SUMIF(#REF!,#REF!,D$3:D34)-SUMIF(#REF!,#REF!,E$3:E34) -> #REF!
G35: =SUMIF(#REF!,#REF!,D$3:D35)-SUMIF(#REF!,#REF!,E$3:E35) -> #REF!
D36: =SUBTOTAL(109,#REF!) -> #REF! | E36: =SUBTOTAL(109,#REF!) -> #REF! | F36: =#REF!-#REF! -> #REF!

Sheet MesaiRapor2
A1: ay | B1: - all -
A2: grp | B2: - multiple -
A3: İşlem | B3: Mesai
A5: Tarih | B5: Gün | C5: Personel | D5: Açıklama | E5: Saat | F5: S.Ücret | G5: T. Tutar
A6: 45690 | B6: ADMS | C6: ŞENOL DURMUŞ | D6: PAZAR MESAİ | E6: 10 | F6: 250 | G6: 2500
C7: CUMA HAVAN | D7: PAZAR MESAİ | E7: 10 | F7: 150 | G7: 1500
A8: 45692 | B8: ADMS | C8: SÜLEYMAN İP | D8: HAFTA İÇİ 2 SAAT SALI | E8: 2 | F8: 200 | G8: 400
C9: CUMA HAVAN | D9: HAFTA İÇİ 2 SAAT SALI | E9: 2 | F9: 150 | G9: 300
A10: 45698 | B10: ADMS | C10: SÜLEYMAN İP | D10: HAFTA İÇİ 2 SAAT PAZARTESİ | E10: 2 | F10: 230 | G10: 460
C11: EJDER COŞGUNOĞLU | D11: HAFTA İÇİ 2 SAAT PAZARTESİ | E11: 2 | F11: 150 | G11: 300
A12: 45699 | B12: ADMS | C12: ŞENOL DURMUŞ | D12: HAFTA İÇİ 2 SAAT SALI | E12: 2 | F12: 250 | G12: 500
C13: CUMA HAVAN | D13: HAFTA İÇİ 2 SAAT SALI | E13: 2 | F13: 150 | G13: 300
A14: 45704 | B14: ADMS | C14: SÜLEYMAN İP | D14: PAZAR MESAİ | E14: 10 | F14: 230 | G14: 2300
C15: EJDER COŞGUNOĞLU | D15: PAZAR MESAİ | E15: 10 | F15: 150 | G15: 1500
A16: 45731 | B16: (empty) | C16: SÜLEYMAN İP | D16: 2024- haftaiçi | E16: 18 | F16: 200 | G16: 3600
D17: 2024-Pazar | E17: 25 | F17: 200 | G17: 5000
A18: 45767 | B18: ADMS | C18: ŞENOL DURMUŞ | D18: PAZAR MESAİ | E18: 10 | F18: 250 | G18: 2500
C19: CUMA HAVAN | D19: PAZAR MESAİ | E19: 10 | F19: 150 | G19: 1500
A20: 45770 | B20: ADMS | C20: SÜLEYMAN İP | D20: 23NİSAN BAYRAM | E20: 10 | F20: 230 | G20: 2300
C21: EJDER COŞGUNOĞLU | D21: 23NİSAN BAYRAM | E21: 10 | F21: 150 | G21: 1500
A22: 45781 | B22: ADMS | C22: ŞENOL DURMUŞ | D22: PAZAR MESAİ | E22: 10 | F22: 250 | G22: 2500
C23: CUMA HAVAN | D23: PAZAR MESAİ | E23: 10 | F23: 150 | G23: 1500
A24: 45816 | B24: ADMS | C24: SÜLEYMAN İP | D24: BEKÇİLİK BAYRAM 3.GÜNÜ SABAH | E24: 5 | F24: 200 | G24: 1000
A25: 45817 | B25: ADMS | C25: SÜLEYMAN İP | D25: BEKÇİLİK BAYRAM 4.GÜNÜ SABAH | E25: 5 | F25: 200 | G25: 1000
A26: 45872 | B26: ADMS | C26: SÜLEYMAN İP | D26: PAZAR MESAİ | E26: 10 | F26: 230 | G26: 2300
C27: EJDER COŞGUNOĞLU | D27: PAZAR MESAİ | E27: 10 | F27: 150 | G27: 1500
A28: 45875 | B28: ADMS | C28: ŞENOL DURMUŞ | D28: ÇARŞAMBA 3 SAAT | E28: 3 | F28: 250 | G28: 750
C29: EJDER COŞGUNOĞLU | D29: ÇARŞAMBA 3 SAAT | E29: 3 | F29: 150 | G29: 450
A30: 45876 | B30: ADMS | C30: SÜLEYMAN İP | D30: PERŞEMBE 3 SAAT | E30: 3 | F30: 230 | G30: 690
C31: EJDER COŞGUNOĞLU | D31: PERŞEMBE 3 SAAT | E31: 3 | F31: 150 | G31: 450
A32: 45877 | B32: ADMS | C32: ŞENOL DURMUŞ | D32: CUMA MESAİ 3 SAAT | E32: 3 | F32: 250 | G32: 750
C33: EJDER COŞGUNOĞLU | D33: CUMA MESAİ 3 SAAT | E33: 3 | F33: 150 | G33: 450
A34: 45879 | B34: ADMS | C34: ŞENOL DURMUŞ | D34: PAZAR MESAİ | E34: 10 | F34: 250 | G34: 2500
C35: EJDER COŞGUNOĞLU | D35: PAZAR MESAİ | E35: 30 | F35: 150 | G35: 4500
A36: 45881 | B36: ADMS | C36: SÜLEYMAN İP | D36: SALI MESAİ 3 SAAT | E36: 3 | F36: 230 | G36: 690
C37: EJDER COŞGUNOĞLU | D37: SALI MESAİ 3 SAAT | E37: 3 | F37: 150 | G37: 450
A38: 45882 | B38: ADMS | C38: ŞENOL DURMUŞ | D38: ÇARŞAMBA 3 SAAT | E38: 3 | F38: 250 | G38: 750
A39: Total Result | G39: 48690

Sheet Mesai Takip
C1: T.Mesai: | D1: =SUBTOTAL(109,bordro810[M. Tutar]) -> #N/A | F1: T.Ödeme: | G1: =SUBTOTAL(109,bordro810[Ödeme]) -> 37240 | H1: Bakiye: | J1: =D1-G1 -> #N/A
A2: Tarih | B2: Personel | C2: İşlem | D2: Saat | E2: S.Ücret | F2: M. Tutar | G2: Ödeme | H2: Açıklama | I2: Bakiye | J2: Per. Bakiye | K2: YIL | L2: ay | M2: Gün | N2: grp | O2: Eski_M.Tutar | P2: Sütun1
A3: 45690 | B3: ÜMİT YİĞİT | C3: Mesai | D3: 10 | E3: =VLOOKUP(B3,PersonelListesi!A$1:G$41,5,FALSE()) -> 250 | F3: =bordro810[[#This Row],[Saat]]*bordro810[[#This Row],[S.Ücret]] -> 2500 | G3: 2500 | H3: PAZAR MESAİ | I3: =bordro810[[#This Row],[Ödeme]]-bordro810[[#This Row],[M. Tutar]] -> 0 | J3: =SUMIF(bordro810[Personel],bordro810[[#This Row],[Personel]],F$3:F3)-SUMIF(bordro810[Personel],bordro810[[#This Row],[Personel]],G$3:G3) -> 0 | K3: =TEXT(bordro810[[#This Row],[Tarih]],"yyyy") -> 2025 | L3: =TEXT(bordro810[[#This Row],[Tarih]],"yyyy/aa") -> 2025.aa | M3: =TEXT(bordro810[[#This Row],[Tarih]],"gggg") -> ADMS | N3: =VLOOKUP(B3,PersonelListesi!A$1:G$41,4,FALSE()) -> _OPERATÖR
A4: 45690 | B4: MUSTAFA KAHRAMAN | C4: Mesai | D4: 10 | E4: 230 | F4: =bordro810[[#This Row],[Saat]]*bordro810[[#This Row],[S.Ücret]] -> 2300 | G4: 2300 | H4: PAZAR MESAİ | I4: =bordro810[[#This Row],[Ödeme]]-bordro810[[#This Row],[M. Tutar]] -> 0 | J4: =SUMIF(bordro810[Personel],bordro810[[#This Row],[Personel]],F$3:F4)-SUMIF(bordro810[Personel],bordro810[[#This Row],[Personel]],G$3:G4) -> 5060 | K4: =TEXT(bordro810[[#This Row],[Tarih]],"yyyy") -> 2025 | L4: =TEXT(bordro810[[#This Row],[Tarih]],"yyyy/aa") -> 2025.aa | M4: =TEXT(bordro810[[#This Row],[Tarih]],"gggg") -> ADMS | N4: =VLOOKUP(B4,PersonelListesi!A$1:G$41,4,FALSE()) -> _ŞOFÖR
A5: 45690 | B5: OSMAN BİLGİN | C5: Mesai | D5: 10 | E5: 230 | F5: =bordro810[[#This Row],[Saat]]*bordro810[[#This Row],[S.Ücret]] -> 2300 | G5: 0 | H5: PAZAR MESAİ | I5: =bordro810[[#This Row],[Ödeme]]-bordro810[[#This Row],[M. Tutar]] -> -2300 | J5: =SUMIF(bordro810[Personel],bordro810[[#This Row],[Personel]],F$3:F5)-SUMIF(bordro810[Personel],bordro810[[#This Row],[Personel]],G$3:G5) -> 15030 | K5: =TEXT(bordro810[[#This Row],[Tarih]],"yyyy") -> 2025 | L5: =TEXT(bordro810[[#This Row],[Tarih]],"yyyy/aa") -> 2025.aa | M5: =TEXT(bordro810[[#This Row],[Tarih]],"gggg") -> ADMS | N5: =VLOOKUP(B5,PersonelListesi!A$1:G$41,4,FALSE()) -> _ŞOFÖR
A6: 45690 | B6: MEHMET ALİ ALTINOK | C6: Mesai | D6: 10 | E6: 250 | F6: =bordro810[[#This Row],[Saat]]*bordro810[[#This Row],[S.Ücret]] -> 2500 | G6: 0 | H6: PAZAR MESAİ | I6: =bordro810[[#This Row],[Ödeme]]-bordro810[[#This Row],[M. Tutar]] -> -2500 | J6: =SUMIF(bordro810[Personel],bordro810[[#This Row],[Personel]],F$3:F6)-SUMIF(bordro810[Personel],bordro810[[#This Row],[Personel]],G$3:G6) -> 5000 | K6: =TEXT(bordro810[[#This Row],[Tarih]],"yyyy") -> 2025 | L6: =TEXT(bordro810[[#This Row],[Tarih]],"yyyy/aa") -> 2025.aa | M6: =TEXT(bordro810[[#This Row],[Tarih]],"gggg") -> ADMS | N6: =VLOOKUP(B6,PersonelListesi!A$1:G$41,4,FALSE()) -> _OPERATÖR
A7: 45690 | B7: CİHAN DUYMAZ | C7: Mesai | D7: 10 | E7: 230 | F7: =bordro810[[#This Row],[Saat]]*bordro810[[#This Row],[S.Ücret]] -> 2300 | G7: 2300 | H7: PAZAR MESAİ | I7: =bordro810[[#This Row],[Ödeme]]-bordro810[[#This Row],[M. Tutar]] -> 0 | J7: =SUMIF(bordro810[Personel],bordro810[[#This Row],[Personel]],F$3:F7)-SUMIF(bordro810[Personel],bordro810[[#This Row],[Personel]],G$3:G7) -> 17240 | K7: =TEXT(bordro810[[#This Row],[Tarih]],"yyyy") -> 2025 | L7: =TEXT(bordro810[[#This Row],[Tarih]],"yyyy/aa") -> 2025.aa | M7: =TEXT(bordro810[[#This Row],[Tarih]],"gggg") -> ADMS | N7: =VLOOKUP(B7,PersonelListesi!A$1:G$41,4,FALSE()) -> _KANTAR
A8: 45690 | B8: ŞENOL DURMUŞ | C8: Mesai | D8: 10 | E8: 250 | F8: =bordro810[[#This Row],[Saat]]*bordro810[[#This Row],[S.Ücret]] -> 2500 | G8: 2500 | H8: PAZAR MESAİ | I8: =bordro810[[#This Row],[Ödeme]]-bordro810[[#This Row],[M. Tutar]] -> 0 | J8: =SUMIF(bordro810[Personel],bordro810[[#This Row],[Personel]],F$3:F8)-SUMIF(bordro810[Personel],bordro810[[#This Row],[Personel]],G$3:G8) -> 4750 | K8: =TEXT(bordro810[[#This Row],[Tarih]],"yyyy") -> 2025 | L8: =TEXT(bordro810[[#This Row],[Tarih]],"yyyy/aa") -> 2025.aa | M8: =TEXT(bordro810[[#This Row],[Tarih]],"gggg") -> ADMS | N8: =VLOOKUP(B8,PersonelListesi!A$1:G$41,4,FALSE()) -> _D.ELEMAN
A9: 45690 | B9: CUMA HAVAN | C9: Mesai | D9: 10 | E9: 150 | F9: =bordro810[[#This Row],[Saat]]*bordro810[[#This Row],[S.Ücret]] -> 1500 | G9: 0 | H9: PAZAR MESAİ | I9: =bordro810[[#This Row],[Ödeme]]-bordro810[[#This Row],[M. Tutar]] -> -1500 | J9: =SUMIF(bordro810[Personel],bordro810[[#This Row],[Personel]],F$3:F9)-SUMIF(bordro810[Personel],bordro810[[#This Row],[Personel]],G$3:G9) -> 5100 | K9: =TEXT(bordro810[[#This Row],[Tarih]],"yyyy") -> 2025 | L9: =TEXT(bordro810[[#This Row],[Tarih]],"yyyy/aa") -> 2025.aa | M9: =TEXT(bordro810[[#This Row],[Tarih]],"gggg") -> ADMS | N9: =VLOOKUP(B9,PersonelListesi!A$1:G$41,4,FALSE()) -> _D.ELEMAN
A10: 45692 | B10: HARUN ZEYBEK | C10: Mesai | D10: 2 | E10: 250 | F10: =bordro810[[#This Row],[Saat]]*bordro810[[#This Row],[S.Ücret]] -> 500 | G10: 500 | H10: HAFTA İÇİ 2 SAAT SALI | I10: =bordro810[[#This Row],[Ödeme]]-bordro810[[#This Row],[M. Tutar]] -> 0 | J10: =SUMIF(bordro810[Personel],bordro810[[#This Row],[Personel]],F$3:F10)-SUMIF(bordro810[Personel],bordro810[[#This Row],[Personel]],G$3:G10) -> 0 | K10: =TEXT(bordro810[[#This Row],[Tarih]],"yyyy") -> 2025 | L10: =TEXT(bordro810[[#This Row],[Tarih]],"yyyy/aa") -> 2025.aa | M10: =TEXT(bordro810[[#This Row],[Tarih]],"gggg") -> ADMS | N10: =VLOOKUP(B10,PersonelListesi!A$1:G$41,4,FALSE()) -> _OPERATÖR
A11: 45692 | B11: YILMAZ YILMAZ | C11: Mesai | D11: 2 | E11: 230 | F11: =bordro810[[#This Row],[Saat]]*bordro810[[#This Row],[S.Ücret]] -> 460 | G11: 460 | H11: HAFTA İÇİ 2 SAAT SALI | I11: =bordro810[[#This Row],[Ödeme]]-bordro810[[#This Row],[M. Tutar]] -> 0 | J11: =SUMIF(bordro810[Personel],bordro810[[#This Row],[Personel]],F$3:F11)-SUMIF(bordro810[Personel],bordro810[[#This Row],[Personel]],G$3:G11) -> 2300 | K11: =TEXT(bordro810[[#This Row],[Tarih]],"yyyy") -> 2025 | L11: =TEXT(bordro810[[#This Row],[Tarih]],"yyyy/aa") -> 2025.aa | M11: =TEXT(bordro810[[#This Row],[Tarih]],"gggg") -> ADMS | N11: =VLOOKUP(B11,PersonelListesi!A$1:G$41,4,FALSE()) -> _ŞOFÖR
A12: 45692 | B12: YAŞAR COŞKUN | C12: Mesai | D12: 2 | E12: 230 | F12: =bordro810[[#This Row],[Saat]]*bordro810[[#This Row],[S.Ücret]] -> 460 | G12: 0 | H12: HAFTA İÇİ 2 SAAT SALI | I12: =bordro810[[#This Row],[Ödeme]]-bordro810[[#This Row],[M. Tutar]] -> -460 | J12: =SUMIF(bordro810[Personel],bordro810[[#This Row],[Personel]],F$3:F12)-SUMIF(bordro810[Personel],bordro810[[#This Row],[Personel]],G$3:G12) -> 7820 | K12: =TEXT(bordro810[[#This Row],[Tarih]],"yyyy") -> 2025 | L12: =TEXT(bordro810[[#This Row],[Tarih]],"yyyy/aa") -> 2025.aa | M12: =TEXT(bordro810[[#This Row],[Tarih]],"gggg") -> ADMS | N12: =VLOOKUP(B12,PersonelListesi!A$1:G$41,4,FALSE()) -> _ŞOFÖR
A13: 45692 | B13: CUMA HAVAN | C13: Mesai | D13: 2 | E13: 150 | F13: =bordro810[[#This Row],[Saat]]*bordro810[[#This Row],[S.Ücret]] -> 300 | G13: 0 | H13: HAFTA İÇİ 2 SAAT SALI | I13: =bordro810[[#This Row],[Ödeme]]-bordro810[[#This Row],[M. Tutar]] -> -300 | J13: =SUMIF(bordro810[Personel],bordro810[[#This Row],[Personel]],F$3:F13)-SUMIF(bordro810[Personel],bordro810[[#This Row],[Personel]],G$3:G13) -> 5100 | K13: =TEXT(bordro810[[#This Row],[Tarih]],"yyyy") -> 2025 | L13: =TEXT(bordro810[[#This Row],[Tarih]],"yyyy/aa") -> 2025.aa | M13: =TEXT(bordro810[[#This Row],[Tarih]],"gggg") -> ADMS | N13: =VLOOKUP(B13,PersonelListesi!A$1:G$41,4,FALSE()) -> _D.ELEMAN
A14: 45692 | B14: SÜLEYMAN İP | C14: Mesai | D14: 2 | E14: 200 | F14: =bordro810[[#This Row],[Saat]]*bordro810[[#This Row],[S.Ücret]] -> 400 | G14: 0 | H14: HAFTA İÇİ 2 SAAT SALI | I14: =bordro810[[#This Row],[Ödeme]]-bordro810[[#This Row],[M. Tutar]] -> -400 | J14: =SUMIF(bordro810[Personel],bordro810[[#This Row],[Personel]],F$3:F14)-SUMIF(bordro810[Personel],bordro810[[#This Row],[Personel]],G$3:G14) -> 19740 | K14: =TEXT(bordro810[[#This Row],[Tarih]],"yyyy") -> 2025 | L14: =TEXT(bordro810[[#This Row],[Tarih]],"yyyy/aa") -> 2025.aa | M14: =TEXT(bordro810[[#This Row],[Tarih]],"gggg") -> ADMS | N14: =VLOOKUP(B14,PersonelListesi!A$1:G$41,4,FALSE()) -> _D.ELEMAN
A15: 45698 | B15: ÜMİT YİĞİT | C15: Mesai | D15: 2 | E15: 250 | F15: =bordro810[[#This Row],[Saat]]*bordro810[[#This Row],[S.Ücret]] -> 500 | G15: 500 | H15: HAFTA İÇİ 2 SAAT PAZARTESİ | I15: =bordro810[[#This Row],[Ödeme]]-bordro810[[#This Row],[M. Tutar]] -> 0 | J15: =SUMIF(bordro810[Personel],bordro810[[#This Row],[Personel]],F$3:F15)-SUMIF(bordro810[Personel],bordro810[[#This Row],[Personel]],G$3:G15) -> 0 | K15: =TEXT(bordro810[[#This Row],[Tarih]],"yyyy") -> 2025 | L15: =TEXT(bordro810[[#This Row],[Tarih]],"yyyy/aa") -> 2025.aa | M15: =TEXT(bordro810[[#This Row],[Tarih]],"gggg") -> ADMS | N15: =VLOOKUP(B15,PersonelListesi!A$1:G$41,4,FALSE()) -> _OPERATÖR
A16: 45698 | B16: MUSTAFA KAHRAMAN | C16: Mesai | D16: 2 | E16: 230 | F16: =bordro810[[#This Row],[Saat]]*bordro810[[#This Row],[S.Ücret]] -> 460 | G16: 460 | H16: HAFTA İÇİ 2 SAAT PAZARTESİ | I16: =bordro810[[#This Row],[Ödeme]]-bordro810[[#This Row],[M. Tutar]] -> 0 | J16: =SUMIF(bordro810[Personel],bordro810[[#This Row],[Personel]],F$3:F16)-SUMIF(bordro810[Personel],bordro810[[#This Row],[Personel]],G$3:G16) -> 5060 | K16: =TEXT(bordro810[[#This Row],[Tarih]],"yyyy") -> 2025 | L16: =TEXT(bordro810[[#This Row],[Tarih]],"yyyy/aa") -> 2025.aa | M16: =TEXT(bordro810[[#This Row],[Tarih]],"gggg") -> ADMS | N16: =VLOOKUP(B16,PersonelListesi!A$1:G$41,4,FALSE()) -> _ŞOFÖR
A17: 45698 | B17: OSMAN BİLGİN | C17: Mesai | D17: 2 | E17: 230 | F17: =bordro810[[#This Row],[Saat]]*bordro810[[#This Row],[S.Ücret]] -> 460 | G17: pp | H17: HAFTA İÇİ 2 SAAT PAZARTESİ | I17: =bordro810[[#This Row],[Ödeme]]-bordro810[[#This Row],[M. Tutar]] -> #VALUE! | J17: =SUMIF(bordro810[Personel],bordro810[[#This Row],[Personel]],F$3:F17)-SUMIF(bordro810[Personel],bordro810[[#This Row],[Personel]],G$3:G17) -> 15030 | K17: =TEXT(bordro810[[#This Row],[Tarih]],"yyyy") -> 2025 | L17: =TEXT(bordro810[[#This Row],[Tarih]],"yyyy/aa") -> 2025.aa | M17: =TEXT(bordro810[[#This Row],[Tarih]],"gggg") -> ADMS | N17: =VLOOKUP(B17,PersonelListesi!A$1:G$41,4,FALSE()) -> _ŞOFÖR
A18: 45698 | B18: SÜLEYMAN İP | C18: Mesai | D18: 2 | E18: 230 | F18: =bordro810[[#This Row],[Saat]]*bordro810[[#This Row],[S.Ücret]] -> 460 | G18: 0 | H18: HAFTA İÇİ 2 SAAT PAZARTESİ | I18: =bordro810[[#This Row],[Ödeme]]-bordro810[[#This Row],[M. Tutar]] -> -460 | J18: =SUMIF(bordro810[Personel],bordro810[[#This Row],[Personel]],F$3:F18)-SUMIF(bordro810[Personel],bordro810[[#This Row],[Personel]],G$3:G18) -> 19740 | K18: =TEXT(bordro810[[#This Row],[Tarih]],"yyyy") -> 2025 | L18: =TEXT(bordro810[[#This Row],[Tarih]],"yyyy/aa") -> 2025.aa | M18: =TEXT(bordro810[[#This Row],[Tarih]],"gggg") -> ADMS | N18: =VLOOKUP(B18,PersonelListesi!A$1:G$41,4,FALSE()) -> _D.ELEMAN
A19: 45698 | B19: EJDER COŞGUNOĞLU | C19: Mesai | D19: 2 | E19: 150 | F19: =bordro810[[#This Row],[Saat]]*bordro810[[#This Row],[S.Ücret]] -> 300 | G19: 300 | H19: HAFTA İÇİ 2 SAAT PAZARTESİ | I19: =bordro810[[#This Row],[Ödeme]]-bordro810[[#This Row],[M. Tutar]] -> 0 | J19: =SUMIF(bordro810[Personel],bordro810[[#This Row],[Personel]],F$3:F19)-SUMIF(bordro810[Personel],bordro810[[#This Row],[Personel]],G$3:G19) -> 9300 | K19: =TEXT(bordro810[[#This Row],[Tarih]],"yyyy") -> 2025 | L19: =TEXT(bordro810[[#This Row],[Tarih]],"yyyy/aa") -> 2025.aa | M19: =TEXT(bordro810[[#This Row],[Tarih]],"gggg") -> ADMS | N19: =VLOOKUP(B19,PersonelListesi!A$1:G$41,4,FALSE()) -> _D.ELEMAN
A20: 45699 | B20: HARUN ZEYBEK | C20: Mesai | D20: 2 | E20: 250 | F20: =bordro810[[#This Row],[Saat]]*bordro810[[#This Row],[S.Ücret]] -> 500 | G20: 500 | H20: HAFTA İÇİ 2 SAAT SALI | I20: =bordro810[[#This Row],[Ödeme]]-bordro810[[#This Row],[M. Tutar]] -> 0 | J20: =SUMIF(bordro810[Personel],bordro810[[#This Row],[Personel]],F$3:F20)-SUMIF(bordro810[Personel],bordro810[[#This Row],[Personel]],G$3:G20) -> 0 | K20: =TEXT(bordro810[[#This Row],[Tarih]],"yyyy") -> 2025 | L20: =TEXT(bordro810[[#This Row],[Tarih]],"yyyy/aa") -> 2025.aa | M20: =TEXT(bordro810[[#This Row],[Tarih]],"gggg") -> ADMS | N20: =VLOOKUP(B20,PersonelListesi!A$1:G$41,4,FALSE()) -> _OPERATÖR
A21: 45699 | B21: YILMAZ YILMAZ | C21: Mesai | D21: 2 | E21: 230 | F21: =bordro810[[#This Row],[Saat]]*bordro810[[#This Row],[S.Ücret]] -> 460 | G21: 460 | H21: HAFTA İÇİ 2 SAAT SALI | I21: =bordro810[[#This Row],[Ödeme]]-bordro810[[#This Row],[M. Tutar]] -> 0 | J21: =SUMIF(bordro810[Personel],bordro810[[#This Row],[Personel]],F$3:F21)-SUMIF(bordro810[Personel],bordro810[[#This Row],[Personel]],G$3:G21) -> 2300 | K21: =TEXT(bordro810[[#This Row],[Tarih]],"yyyy") -> 2025 | L21: =TEXT(bordro810[[#This Row],[Tarih]],"yyyy/aa") -> 2025.aa | M21: =TEXT(bordro810[[#This Row],[Tarih]],"gggg") -> ADMS | N21: =VLOOKUP(B21,PersonelListesi!A$1:G$41,4,FALSE()) -> _ŞOFÖR
A22: 45699 | B22: YAŞAR COŞKUN | C22: Mesai | D22: 2 | E22: 230 | F22: =bordro810[[#This Row],[Saat]]*bordro810[[#This Row],[S.Ücret]] -> 460 | G22: 460 | H22: HAFTA İÇİ 2 SAAT SALI | I22: =bordro810[[#This Row],[Ödeme]]-bordro810[[#This Row],[M. Tutar]] -> 0 | J22: =SUMIF(bordro810[Personel],bordro810[[#This Row],[Personel]],F$3:F22)-SUMIF(bordro810[Personel],bordro810[[#This Row],[Personel]],G$3:G22) -> 7820 | K22: =TEXT(bordro810[[#This Row],[Tarih]],"yyyy") -> 2025 | L22: =TEXT(bordro810[[#This Row],[Tarih]],"yyyy/aa") -> 2025.aa | M22: =TEXT(bordro810[[#This Row],[Tarih]],"gggg") -> ADMS | N22: =VLOOKUP(B22,PersonelListesi!A$1:G$41,4,FALSE()) -> _ŞOFÖR
A23: 45699 | B23: ŞENOL DURMUŞ | C23: Mesai | D23: 2 | E23: 250 | F23: =bordro810[[#This Row],[Saat]]*bordro810[[#This Row],[S.Ücret]] -> 500 | G23: 500 | H23: HAFTA İÇİ 2 SAAT SALI | I23: =bordro810[[#This Row],[Ödeme]]-bordro810[[#This Row],[M. Tutar]] -> 0 | J23: =SUMIF(bordro810[Personel],bordro810[[#This Row],[Personel]],F$3:F23)-SUMIF(bordro810[Personel],bordro810[[#This Row],[Personel]],G$3:G23) -> 4750 | K23: =TEXT(bordro810[[#This Row],[Tarih]],"yyyy") -> 2025 | L23: =TEXT(bordro810[[#This Row],[Tarih]],"yyyy/aa") -> 2025.aa | M23: =TEXT(bordro810[[#This Row],[Tarih]],"gggg") -> ADMS | N23: =VLOOKUP(B23,PersonelListesi!A$1:G$41,4,FALSE()) -> _D.ELEMAN
A24: 45699 | B24: CUMA HAVAN | C24: Mesai | D24: 2 | E24: 150 | F24: =bordro810[[#This Row],[Saat]]*bordro810[[#This Row],[S.Ücret]] -> 300 | G24: 0 | H24: HAFTA İÇİ 2 SAAT SALI | I24: =bordro810[[#This Row],[Ödeme]]-bordro810[[#This Row],[M. Tutar]] -> -300 | J24: =SUMIF(bordro810[Personel],bordro810[[#This Row],[Personel]],F$3:F24)-SUMIF(bordro810[Personel],bordro810[[#This Row],[Personel]],G$3:G24) -> 5100 | K24: =TEXT(bordro810[[#This Row],[Tarih]],"yyyy") -> 2025 | L24: =TEXT(bordro810[[#This Row],[Tarih]],"yyyy/aa") -> 2025.aa | M24: =TEXT(bordro810[[#This Row],[Tarih]],"gggg") -> ADMS | N24: =VLOOKUP(B24,PersonelListesi!A$1:G$41,4,FALSE()) -> _D.ELEMAN
A25: 45704 | B25: ÜMİT YİĞİT | C25: Mesai | D25: 10 | E25: 250 | F25: =bordro810[[#This Row],[Saat]]*bordro810[[#This Row],[S.Ücret]] -> 2500 | G25: 2500 | H25: PAZAR MESAİ | I25: =bordro810[[#This Row],[Ödeme]]-bordro810[[#This Row],[M. Tutar]] -> 0 | J25: =SUMIF(bordro810[Personel],bordro810[[#This Row],[Personel]],F$3:F25)-SUMIF(bordro810[Personel],bordro810[[#This Row],[Personel]],G$3:G25) -> 0 | K25: =TEXT(bordro810[[#This Row],[Tarih]],"yyyy") -> 2025 | L25: =TEXT(bordro810[[#This Row],[Tarih]],"yyyy/aa") -> 2025.aa | M25: =TEXT(bordro810[[#This Row],[Tarih]],"gggg") -> ADMS | N25: =VLOOKUP(B25,PersonelListesi!A$1:G$41,4,FALSE()) -> _OPERATÖR
A26: 45704 | B26: MUSTAFA KAHRAMAN | C26: Mesai | D26: 10 | E26: 230 | F26: =bordro810[[#This Row],[Saat]]*bordro810[[#This Row],[S.Ücret]] -> 2300 | G26: 2300 | H26: PAZAR MESAİ | I26: =bordro810[[#This Row],[Ödeme]]-bordro810[[#This Row],[M. Tutar]] -> 0 | J26: =SUMIF(bordro810[Personel],bordro810[[#This Row],[Personel]],F$3:F26)-SUMIF(bordro810[Personel],bordro810[[#This Row],[Personel]],G$3:G26) -> 5060 | K26: =TEXT(bordro810[[#This Row],[Tarih]],"yyyy") -> 2025 | L26: =TEXT(bordro810[[#This Row],[Tarih]],"yyyy/aa") -> 2025.aa | M26: =TEXT(bordro810[[#This Row],[Tarih]],"gggg") -> ADMS | N26: =VLOOKUP(B26,PersonelListesi!A$1:G$41,4,FALSE()) -> _ŞOFÖR
A27: 45704 | B27: YAŞAR COŞKUN | C27: Mesai | D27: 10 | E27: 230 | F27: =bordro810[[#This Row],[Saat]]*bordro810[[#This Row],[S.Ücret]] -> 2300 | G27: 2300 | H27: PAZAR MESAİ | I27: =bordro810[[#This Row],[Ödeme]]-bordro810[[#This Row],[M. Tutar]] -> 0 | J27: =SUMIF(bordro810[Personel],bordro810[[#This Row],[Personel]],F$3:F27)-SUMIF(bordro810[Personel],bordro810[[#This Row],[Personel]],G$3:G27) -> 7820 | K27: =TEXT(bordro810[[#This Row],[Tarih]],"yyyy") -> 2025 | L27: =TEXT(bordro810[[#This Row],[Tarih]],"yyyy/aa") -> 2025.aa | M27: =TEXT(bordro810[[#This Row],[Tarih]],"gggg") -> ADMS | N27: =VLOOKUP(B27,PersonelListesi!A$1:G$41,4,FALSE()) -> _ŞOFÖR
A28: 45704 | B28: SÜLEYMAN İP | C28: Mesai | D28: 10 | E28: 230 | F28: =bordro810[[#This Row],[Saat]]*bordro810[[#This Row],[S.Ücret]] -> 2300 | G28: 0 | H28: PAZAR MESAİ | I28: =bordro810[[#This Row],[Ödeme]]-bordro810[[#This Row],[M. Tutar]] -> -2300 | J28: =SUMIF(bordro810[Personel],bordro810[[#This Row],[Personel]],F$3:F28)-SUMIF(bordro810[Personel],bordro810[[#This Row],[Personel]],G$3:G28) -> 19740 | K28: =TEXT(bordro810[[#This Row],[Tarih]],"yyyy") -> 2025 | L28: =TEXT(bordro810[[#This Row],[Tarih]],"yyyy/aa") -> 2025.aa | M28: =TEXT(bordro810[[#This Row],[Tarih]],"gggg") -> ADMS | N28: =VLOOKUP(B28,PersonelListesi!A$1:G$41,4,FALSE()) -> _D.ELEMAN
A29: 45704 | B29: EJDER COŞGUNOĞLU | C29: Mesai | D29: 10 | E29: 150 | F29: =bordro810[[#This Row],[Saat]]*bordro810[[#This Row],[S.Ücret]] -> 1500 | G29: 1500 | H29: PAZAR MESAİ | I29: =bordro810[[#This Row],[Ödeme]]-bordro810[[#This Row],[M. Tutar]] -> 0 | J29: =SUMIF(bordro810[Personel],bordro810[[#This Row],[Personel]],F$3:F29)-SUMIF(bordro810[Personel],bordro810[[#This Row],[Personel]],G$3:G29) -> 9300 | K29: =TEXT(bordro810[[#This Row],[Tarih]],"yyyy") -> 2025 | L29: =TEXT(bordro810[[#This Row],[Tarih]],"yyyy/aa") -> 2025.aa | M29: =TEXT(bordro810[[#This Row],[Tarih]],"gggg") -> ADMS | N29: =VLOOKUP(B29,PersonelListesi!A$1:G$41,4,FALSE()) -> _D.ELEMAN
... A40: 45770 | B40: YAŞAR COŞKUN | C40: Mesai | D40: 10 | E40: 230 | F40: =bordro810[[#This Row],[Saat]]*bordro810[[#This Row],[S.Ücret]] -> 2300 | G40: 2300 | H40: 23NİSAN BAYRAM | I40: =bordro810[[#This Row],[Ödeme]]-bordro810[[#This Row],[M. Tutar]] -> 0 | J40: =SUMIF(bordro810[Personel],bordro810[[#This Row],[Personel]],F$3:F40)-SUMIF(bordro810[Personel],bordro810[[#This Row],[Personel]],G$3:G40) -> 7820 | K40: =TEXT(bordro810[[#This Row],[Tarih]],"yyyy") -> 2025 | L40: =TEXT(bordro810[[#This Row],[Tarih]],"yyyy/aa") -> 2025.aa | M40: =TEXT(bordro810[[#This Row],[Tarih]],"gggg") -> ADMS | N40: =VLOOKUP(B40,PersonelListesi!A$1:G$41,4,FALSE()) -> _ŞOFÖR
A41: 45731 | B41: SÜLEYMAN İP | C41: Mesai | D41: 25 | E41: 200 | F41: =bordro810[[#This Row],[Saat]]*bordro810[[#This Row],[S.Ücret]] -> 5000 | G41: 0 | H41: 2024-Pazar
A42: 45731 | B42: SÜLEYMAN İP | C42: Mesai | D42: 18 | E42: 200 | F42: =bordro810[[#This Row],[Saat]]*bordro810[[#This Row],[S.Ücret]] -> 3600 | G42: 0 | H42: 2024- haftaiçi
A43: 45770 | B43: SÜLEYMAN İP | C43: Mesai | D43: 10 | E43: 230 | F43: =bordro810[[#This Row],[Saat]]*bordro810[[#This Row],[S.Ücret]] -> 2300 | G43: 0 | H43: 23NİSAN BAYRAM | I43: =bordro810[[#This Row],[Ödeme]]-bordro810[[#This Row],[M. Tutar]] -> -2300 | J43: =SUMIF(bordro810[Personel],bordro810[[#This Row],[Personel]],F$3:F43)-SUMIF(bordro810[Personel],bordro810[[#This Row],[Personel]],G$3:G43) -> 19740 | K43: =TEXT(bordro810[[#This Row],[Tarih]],"yyyy") -> 2025 | L43: =TEXT(bordro810[[#This Row],[Tarih]],"yyyy/aa") -> 2025.aa | M43: =TEXT(bordro810[[#This Row],[Tarih]],"gggg") -> ADMS | N43: =VLOOKUP(B43,PersonelListesi!A$1:G$41,4,FALSE()) -> _D.ELEMAN
A44: 45770 | B44: EJDER COŞGUNOĞLU | C44: Mesai | D44: 10 | E44: 150 | F44: =bordro810[[#This Row],[Saat]]*bordro810[[#This Row],[S.Ücret]] -> 1500 | G44: 0 | H44: 23NİSAN BAYRAM | I44: =bordro810[[#This Row],[Ödeme]]-bordro810[[#This Row],[M. Tutar]] -> -1500 | J44: =SUMIF(bordro810[Personel],bordro810[[#This Row],[Personel]],F$3:F44)-SUMIF(bordro810[Personel],bordro810[[#This Row],[Personel]],G$3:G44) -> 9300 | K44: =TEXT(bordro810[[#This Row],[Tarih]],"yyyy") -> 2025 | L44: =TEXT(bordro810[[#This Row],[Tarih]],"yyyy/aa") -> 2025.aa | M44: =TEXT(bordro810[[#This Row],[Tarih]],"gggg") -> ADMS | N44: =VLOOKUP(B44,PersonelListesi!A$1:G$41,4,FALSE()) -> _D.ELEMAN
A45: 45774 | B45: BEKİR BULUT | C45: Mesai | D45: 10 | E45: 250 | F45: =bordro810[[#This Row],[Saat]]*bordro810[[#This Row],[S.Ücret]] -> 2500 | G45: 0 | H45: PAZAR MESAİ | I45: =bordro810[[#This Row],[Ödeme]]-bordro810[[#This Row],[M. Tutar]] -> -2500 | J45: =SUMIF(bordro810[Personel],bordro810[[#This Row],[Personel]],F$3:F45)-SUMIF(bordro810[Personel],bordro810[[#This Row],[Personel]],G$3:G45) -> 13000 | K45: =TEXT(bordro810[[#This Row],[Tarih]],"yyyy") -> 2025 | L45: =TEXT(bordro810[[#This Row],[Tarih]],"yyyy/aa") -> 2025.aa | M45: =TEXT(bordro810[[#This Row],[Tarih]],"gggg") -> ADMS | N45: =VLOOKUP(B45,PersonelListesi!A$1:G$41,4,FALSE()) -> _OPERATÖR
A46: 45774 | B46: CİHAN DUYMAZ | C46: Mesai | D46: 10 | E46: 230 | F46: =bordro810[[#This Row],[Saat]]*bordro810[[#This Row],[S.Ücret]] -> 2300 | G46: 0 | H46: PAZAR MESAİ | I46: =bordro810[[#This Row],[Ödeme]]-bordro810[[#This Row],[M. Tutar]] -> -2300 | J46: =SUMIF(bordro810[Personel],bordro810[[#This Row],[Personel]],F$3:F46)-SUMIF(bordro810[Personel],bordro810[[#This Row],[Personel]],G$3:G46) -> 17240 | K46: =TEXT(bordro810[[#This Row],[Tarih]],"yyyy") -> 2025 | L46: =TEXT(bordro810[[#This Row],[Tarih]],"yyyy/aa") -> 2025.aa | M46: =TEXT(bordro810[[#This Row],[Tarih]],"gggg") -> ADMS | N46: =VLOOKUP(B46,PersonelListesi!A$1:G$41,4,FALSE()) -> _KANTAR
A47: 45781 | B47: MURAT EROL | C47: Mesai | D47: 20 | E47: 250 | F47: =bordro810[[#This Row],[Saat]]*bordro810[[#This Row],[S.Ücret]] -> 5000 | G47: 0 | H47: PAZAR MESAİ | I47: =bordro810[[#This Row],[Ödeme]]-bordro810[[#This Row],[M. Tutar]] -> -5000 | J47: =SUMIF(bordro810[Personel],bordro810[[#This Row],[Personel]],F$3:F47)-SUMIF(bordro810[Personel],bordro810[[#This Row],[Personel]],G$3:G47) -> 5000 | K47: =TEXT(bordro810[[#This Row],[Tarih]],"yyyy") -> 2025 | L47: =TEXT(bordro810[[#This Row],[Tarih]],"yyyy/aa") -> 2025.aa | M47: =TEXT(bordro810[[#This Row],[Tarih]],"gggg") -> ADMS | N47: =VLOOKUP(B47,PersonelListesi!A$1:G$41,4,FALSE()) -> _OPERATÖR
A48: 45781 | B48: YILMAZ YILMAZ | C48: Mesai | D48: 10 | E48: 230 | F48: =bordro810[[#This Row],[Saat]]*bordro810[[#This Row],[S.Ücret]] -> 2300 | G48: 0 | H48: PAZAR MESAİ | I48: =bordro810[[#This Row],[Ödeme]]-bordro810[[#This Row],[M. Tutar]] -> -2300 | J48: =SUMIF(bordro810[Personel],bordro810[[#This Row],[Personel]],F$3:F48)-SUMIF(bordro810[Personel],bordro810[[#This Row],[Personel]],G$3:G48) -> 2300 | K48: =TEXT(bordro810[[#This Row],[Tarih]],"yyyy") -> 2025 | L48: =TEXT(bordro810[[#This Row],[Tarih]],"yyyy/aa") -> 2025.aa | M48: =TEXT(bordro810[[#This Row],[Tarih]],"gggg") -> ADMS | N48: =VLOOKUP(B48,PersonelListesi!A$1:G$41,4,FALSE()) -> _ŞOFÖR
A49: 45781 | B49: YAŞAR COŞKUN | C49: Mesai | D49: 10 | E49: 230 | F49: =bordro810[[#This Row],[Saat]]*bordro810[[#This Row],[S.Ücret]] -> 2300 | G49: 0 | H49: PAZAR MESAİ | I49: =bordro810[[#This Row],[Ödeme]]-bordro810[[#This Row],[M. Tutar]] -> -2300 | J49: =SUMIF(bordro810[Personel],bordro810[[#This Row],[Personel]],F$3:F49)-SUMIF(bordro810[Personel],bordro810[[#This Row],[Personel]],G$3:G49) -> 7820 | K49: =TEXT(bordro810[[#This Row],[Tarih]],"yyyy") -> 2025 | L49: =TEXT(bordro810[[#This Row],[Tarih]],"yyyy/aa") -> 2025.aa | M49: =TEXT(bordro810[[#This Row],[Tarih]],"gggg") -> ADMS | N49: =VLOOKUP(B49,PersonelListesi!A$1:G$41,4,FALSE()) -> _ŞOFÖR
A50: 45781 | B50: OSMAN BİLGİN | C50: Mesai | D50: 10 | E50: 230 | F50: =bordro810[[#This Row],[Saat]]*bordro810[[#This Row],[S.Ücret]] -> 2300 | G50: 0 | H50: PAZAR MESAİ | I50: =bordro810[[#This Row],[Ödeme]]-bordro810[[#This Row],[M. Tutar]] -> -2300 | J50: =SUMIF(bordro810[Personel],bordro810[[#This Row],[Personel]],F$3:F50)-SUMIF(bordro810[Personel],bordro810[[#This Row],[Personel]],G$3:G50) -> 15030 | K50: =TEXT(bordro810[[#This Row],[Tarih]],"yyyy") -> 2025 | L50: =TEXT(bordro810[[#This Row],[Tarih]],"yyyy/aa") -> 2025.aa | M50: =TEXT(bordro810[[#This Row],[Tarih]],"gggg") -> ADMS | N50: =VLOOKUP(B50,PersonelListesi!A$1:G$41,4,FALSE()) -> _ŞOFÖR
A51: 45781 | B51: MEHMET ALİ ALTINOK | C51: Mesai | D51: 10 | E51: 250 | F51: =bordro810[[#This Row],[Saat]]*bordro810[[#This Row],[S.Ücret]] -> 2500 | G51: 0 | H51: PAZAR MESAİ | I51: =bordro810[[#This Row],[Ödeme]]-bordro810[[#This Row],[M. Tutar]] -> -2500 | J51: =SUMIF(bordro810[Personel],bordro810[[#This Row],[Personel]],F$3:F51)-SUMIF(bordro810[Personel],bordro810[[#This Row],[Personel]],G$3:G51) -> 5000 | K51: =TEXT(bordro810[[#This Row],[Tarih]],"yyyy") -> 2025 | L51: =TEXT(bordro810[[#This Row],[Tarih]],"yyyy/aa") -> 2025.aa | M51: =TEXT(bordro810[[#This Row],[Tarih]],"gggg") -> ADMS | N51: =VLOOKUP(B51,PersonelListesi!A$1:G$41,4,FALSE()) -> _OPERATÖR
A52: 45781 | B52: ŞENOL DURMUŞ | C52: Mesai | D52: 10 | E52: 250 | F52: =bordro810[[#This Row],[Saat]]*bordro810[[#This Row],[S.Ücret]] -> 2500 | G52: 2500 | H52: PAZAR MESAİ | I52: =bordro810[[#This Row],[Ödeme]]-bordro810[[#This Row],[M. Tutar]] -> 0 | J52: =SUMIF(bordro810[Personel],bordro810[[#This Row],[Personel]],F$3:F52)-SUMIF(bordro810[Personel],bordro810[[#This Row],[Personel]],G$3:G52) -> 4750 | K52: =TEXT(bordro810[[#This Row],[Tarih]],"yyyy") -> 2025 | L52: =TEXT(bordro810[[#This Row],[Tarih]],"yyyy/aa") -> 2025.aa | M52: =TEXT(bordro810[[#This Row],[Tarih]],"gggg") -> ADMS | N52: =VLOOKUP(B52,PersonelListesi!A$1:G$41,4,FALSE()) -> _D.ELEMAN
A53: 45781 | B53: CUMA HAVAN | C53: Mesai | D53: 10 | E53: 150 | F53: =bordro810[[#This Row],[Saat]]*bordro810[[#This Row],[S.Ücret]] -> 1500 | G53: 0 | H53: PAZAR MESAİ | I53: =bordro810[[#This Row],[Ödeme]]-bordro810[[#This Row],[M. Tutar]] -> -1500 | J53: =SUMIF(bordro810[Personel],bordro810[[#This Row],[Personel]],F$3:F53)-SUMIF(bordro810[Personel],bordro810[[#This Row],[Personel]],G$3:G53) -> 5100 | K53: =TEXT(bordro810[[#This Row],[Tarih]],"yyyy") -> 2025 | L53: =TEXT(bordro810[[#This Row],[Tarih]],"yyyy/aa") -> 2025.aa | M53: =TEXT(bordro810[[#This Row],[Tarih]],"gggg") -> ADMS | N53: =VLOOKUP(B53,PersonelListesi!A$1:G$41,4,FALSE()) -> _D.ELEMAN
A54: 45796 | B54: CİHAN DUYMAZ | C54: Mesai | D54: 10 | E54: 230 | F54: =bordro810[[#This Row],[Saat]]*bordro810[[#This Row],[S.Ücret]] -> 2300 | G54: 0 | H54: 19 MAYIS MESAİ | I54: =bordro810[[#This Row],[Ödeme]]-bordro810[[#This Row],[M. Tutar]] -> -2300 | J54: =SUMIF(bordro810[Personel],bordro810[[#This Row],[Personel]],F$3:F54)-SUMIF(bordro810[Personel],bordro810[[#This Row],[Personel]],G$3:G54) -> 17240 | K54: =TEXT(bordro810[[#This Row],[Tarih]],"yyyy") -> 2025 | L54: =TEXT(bordro810[[#This Row],[Tarih]],"yyyy/aa") -> 2025.aa | M54: =TEXT(bordro810[[#This Row],[Tarih]],"gggg") -> ADMS | N54: =VLOOKUP(B54,PersonelListesi!A$1:G$41,4,FALSE()) -> _KANTAR
A55: 45796 | B55: BEKİR BULUT | C55: Mesai | D55: 10 | E55: 250 | F55: =bordro810[[#This Row],[Saat]]*bordro810[[#This Row],[S.Ücret]] -> 2500 | G55: 0 | H55: 19 MAYIS MESAİ | I55: =bordro810[[#This Row],[Ödeme]]-bordro810[[#This Row],[M. Tutar]] -> -2500 | J55: =SUMIF(bordro810[Personel],bordro810[[#This Row],[Personel]],F$3:F55)-SUMIF(bordro810[Personel],bordro810[[#This Row],[Personel]],G$3:G55) -> 13000 | K55: =TEXT(bordro810[[#This Row],[Tarih]],"yyyy") -> 2025 | L55: =TEXT(bordro810[[#This Row],[Tarih]],"yyyy/aa") -> 2025.aa | M55: =TEXT(bordro810[[#This Row],[Tarih]],"gggg") -> ADMS | N55: =VLOOKUP(B55,PersonelListesi!A$1:G$41,4,FALSE()) -> _OPERATÖR
A56: 45813 | B56: ENVER İBKİN | C56: Mesai | E56: =VLOOKUP(B56,PersonelListesi!A$1:G$47,5,FALSE()) -> 0 | F56: =bordro810[[#This Row],[Saat]]*bordro810[[#This Row],[S.Ücret]] -> 0 | G56: 0 | H56: BEKÇİLİK AREFE | I56: =bordro810[[#This Row],[Ödeme]]-bordro810[[#This Row],[M. Tutar]] -> 0 | J56: =SUMIF(bordro810[Personel],bordro810[[#This Row],[Personel]],F$3:F56)-SUMIF(bordro810[Personel],bordro810[[#This Row],[Personel]],G$3:G56) -> 0 | K56: =TEXT(bordro810[[#This Row],[Tarih]],"yyyy") -> 2025 | L56: =TEXT(bordro810[[#This Row],[Tarih]],"yyyy/aa") -> 2025.aa | M56: =TEXT(bordro810[[#This Row],[Tarih]],"gggg") -> ADMS | N56: =VLOOKUP(B56,PersonelListesi!A$1:G$41,4,FALSE()) -> _BEKÇİ
A57: 45814 | B57: ENVER İBKİN | C57: Mesai | E57: =VLOOKUP(B57,PersonelListesi!A$1:G$47,5,FALSE()) -> 0 | F57: =bordro810[[#This Row],[Saat]]*bordro810[[#This Row],[S.Ücret]] -> 0 | G57: 0 | H57: BEKÇİLİK BAYRAM 1.GÜNÜ | I57: =bordro810[[#This Row],[Ödeme]]-bordro810[[#This Row],[M. Tutar]] -> 0 | J57: =SUMIF(bordro810[Personel],bordro810[[#This Row],[Personel]],F$3:F57)-SUMIF(bordro810[Personel],bordro810[[#This Row],[Personel]],G$3:G57) -> 0 | K57: =TEXT(bordro810[[#This Row],[Tarih]],"yyyy") -> 2025 | L57: =TEXT(bordro810[[#This Row],[Tarih]],"yyyy/aa") -> 2025.aa | M57: =TEXT(bordro810[[#This Row],[Tarih]],"gggg") -> ADMS | N57: =VLOOKUP(B57,PersonelListesi!A$1:G$41,4,FALSE()) -> _BEKÇİ
A58: 45815 | B58: ENVER İBKİN | C58: Mesai | E58: =VLOOKUP(B58,PersonelListesi!A$1:G$47,5,FALSE()) -> 0 | F58: =bordro810[[#This Row],[Saat]]*bordro810[[#This Row],[S.Ücret]] -> 0 | G58: 0 | H58: BEKÇİLİK BAYRAM 2. GÜNÜ | I58: =bordro810[[#This Row],[Ödeme]]-bordro810[[#This Row],[M. Tutar]] -> 0 | J58: =SUMIF(bordro810[Personel],bordro810[[#This Row],[Personel]],F$3:F58)-SUMIF(bordro810[Personel],bordro810[[#This Row],[Personel]],G$3:G58) -> 0 | K58: =TEXT(bordro810[[#This Row],[Tarih]],"yyyy") -> 2025 | L58: =TEXT(bordro810[[#This Row],[Tarih]],"yyyy/aa") -> 2025.aa | M58: =TEXT(bordro810[[#This Row],[Tarih]],"gggg") -> ADMS | N58: =VLOOKUP(B58,PersonelListesi!A$1:G$41,4,FALSE()) -> _BEKÇİ
A59: 45816 | B59: SÜLEYMAN İP | C59: Mesai | D59: 5 | E59: =VLOOKUP(B59,PersonelListesi!A$1:G$47,5,FALSE()) -> 200 | F59: =bordro810[[#This Row],[Saat]]*bordro810[[#This Row],[S.Ücret]] -> 1000 | G59: 0 | H59: BEKÇİLİK BAYRAM 3.GÜNÜ SABAH | I59: =bordro810[[#This Row],[Ödeme]]-bordro810[[#This Row],[M. Tutar]] -> -1000 | J59: =SUMIF(bordro810[Personel],bordro810[[#This Row],[Personel]],F$3:F59)-SUMIF(bordro810[Personel],bordro810[[#This Row],[Personel]],G$3:G59) -> 19740 | K59: =TEXT(bordro810[[#This Row],[Tarih]],"yyyy") -> 2025 | L59: =TEXT(bordro810[[#This Row],[Tarih]],"yyyy/aa") -> 2025.aa | M59: =TEXT(bordro810[[#This Row],[Tarih]],"gggg") -> ADMS | N59: =VLOOKUP(B59,PersonelListesi!A$1:G$41,4,FALSE()) -> _D.ELEMAN
A60: 45816 | B60: AYHAN DOĞRU | C60: Mesai | D60: 10 | E60: 100 | F60: =bordro810[[#This Row],[Saat]]*bordro810[[#This Row],[S.Ücret]] -> 1000 | G60: 0 | H60: BEKÇİLİK BAYRAM 3.GÜNÜ AKŞAM | I60: =bordro810[[#This Row],[Ödeme]]-bordro810[[#This Row],[M. Tutar]] -> -1000 | J60: =SUMIF(bordro810[Personel],bordro810[[#This Row],[Personel]],F$3:F60)-SUMIF(bordro810[Personel],bordro810[[#This Row],[Personel]],G$3:G60) -> 9250 | K60: =TEXT(bordro810[[#This Row],[Tarih]],"yyyy") -> 2025 | L60: =TEXT(bordro810[[#This Row],[Tarih]],"yyyy/aa") -> 2025.aa | M60: =TEXT(bordro810[[#This Row],[Tarih]],"gggg") -> ADMS | N60: =VLOOKUP(B60,PersonelListesi!A$1:G$41,4,FALSE()) -> _OPERATÖR
A61: 45817 | B61: SÜLEYMAN İP | C61: Mesai | D61: 5 | E61: =VLOOKUP(B61,PersonelListesi!A$1:G$47,5,FALSE()) -> 200 | F61: =bordro810[[#This Row],[Saat]]*bordro810[[#This Row],[S.Ücret]] -> 1000 | G61: 0 | H61: BEKÇİLİK BAYRAM 4.GÜNÜ SABAH | I61: =bordro810[[#This Row],[Ödeme]]-bordro810[[#This Row],[M. Tutar]] -> -1000 | J61: =SUMIF(bordro810[Personel],bordro810[[#This Row],[Personel]],F$3:F61)-SUMIF(bordro810[Personel],bordro810[[#This Row],[Personel]],G$3:G61) -> 19740 | K61: =TEXT(bordro810[[#This Row],[Tarih]],"yyyy") -> 2025 | L61: =TEXT(bordro810[[#This Row],[Tarih]],"yyyy/aa") -> 2025.aa | M61: =TEXT(bordro810[[#This Row],[Tarih]],"gggg") -> ADMS | N61: =VLOOKUP(B61,PersonelListesi!A$1:G$41,4,FALSE()) -> _D.ELEMAN
A62: 45817 | B62: OSMAN BİLGİN | C62: Mesai | D62: 5 | E62: 200 | F62: =bordro810[[#This Row],[Saat]]*bordro810[[#This Row],[S.Ücret]] -> 1000 | G62: 0 | H62: BEKÇİLİK BAYRAM 4.GÜNÜ AKŞAM | I62: =bordro810[[#This Row],[Ödeme]]-bordro810[[#This Row],[M. Tutar]] -> -1000 | J62: =SUMIF(bordro810[Personel],bordro810[[#This Row],[Personel]],F$3:F62)-SUMIF(bordro810[Personel],bordro810[[#This Row],[Personel]],G$3:G62) -> 15030 | K62: =TEXT(bordro810[[#This Row],[Tarih]],"yyyy") -> 2025 | L62: =TEXT(bordro810[[#This Row],[Tarih]],"yyyy/aa") -> 2025.aa | M62: =TEXT(bordro810[[#This Row],[Tarih]],"gggg") -> ADMS | N62: =VLOOKUP(B62,PersonelListesi!A$1:G$41,4,FALSE()) -> _ŞOFÖR
A63: 45842 | B63: CİHAN DUYMAZ | C63: Ödeme | F63: =bordro810[[#This Row],[Saat]]*bordro810[[#This Row],[S.Ücret]] -> 0 | G63: 1000
A64: 45853 | B64: CİHAN DUYMAZ | C64: Mesai | D64: 10 | E64: 230 | F64: =bordro810[[#This Row],[Saat]]*bordro810[[#This Row],[S.Ücret]] -> 2300 | G64: 0 | H64: RESMİ TATİL | I64: =bordro810[[#This Row],[Ödeme]]-bordro810[[#This Row],[M. Tutar]] -> -2300 | J64: =SUMIF(bordro810[Personel],bordro810[[#This Row],[Personel]],F$3:F64)-SUMIF(bordro810[Personel],bordro810[[#This Row],[Personel]],G$3:G64) -> 17240 | K64: =TEXT(bordro810[[#This Row],[Tarih]],"yyyy") -> 2025 | L64: =TEXT(bordro810[[#This Row],[Tarih]],"yyyy/aa") -> 2025.aa | M64: =TEXT(bordro810[[#This Row],[Tarih]],"gggg") -> ADMS | N64: =VLOOKUP(B64,PersonelListesi!A$1:G$41,4,FALSE()) -> _KANTAR
A65: 45853 | B65: BEKİR BULUT | C65: Mesai | D65: 20 | E65: 250 | F65: =bordro810[[#This Row],[Saat]]*bordro810[[#This Row],[S.Ücret]] -> 5000 | G65: 0 | H65: RESMİ TATİL | I65: =bordro810[[#This Row],[Ödeme]]-bordro810[[#This Row],[M. Tutar]] -> -5000 | J65: =SUMIF(bordro810[Personel],bordro810[[#This Row],[Personel]],F$3:F65)-SUMIF(bordro810[Personel],bordro810[[#This Row],[Personel]],G$3:G65) -> 13000 | K65: =TEXT(bordro810[[#This Row],[Tarih]],"yyyy") -> 2025 | L65: =TEXT(bordro810[[#This Row],[Tarih]],"yyyy/aa") -> 2025.aa | M65: =TEXT(bordro810[[#This Row],[Tarih]],"gggg") -> ADMS | N65: =VLOOKUP(B65,PersonelListesi!A$1:G$41,4,FALSE()) -> _OPERATÖR
A66: 45858 | B66: CİHAN DUYMAZ | C66: Mesai | D66: 10 | E66: 230 | F66: =bordro810[[#This Row],[Saat]]*bordro810[[#This Row],[S.Ücret]] -> 2300 | G66: 0 | H66: PAZAR MESAİ | I66: =bordro810[[#This Row],[Ödeme]]-bordro810[[#This Row],[M. Tutar]] -> -2300 | J66: =SUMIF(bordro810[Personel],bordro810[[#This Row],[Personel]],F$3:F66)-SUMIF(bordro810[Personel],bordro810[[#This Row],[Personel]],G$3:G66) -> 17240 | K66: =TEXT(bordro810[[#This Row],[Tarih]],"yyyy") -> 2025 | L66: =TEXT(bordro810[[#This Row],[Tarih]],"yyyy/aa") -> 2025.aa | M66: =TEXT(bordro810[[#This Row],[Tarih]],"gggg") -> ADMS | N66: =VLOOKUP(B66,PersonelListesi!A$1:G$41,4,FALSE()) -> _KANTAR
A67: 45863 | B67: CİHAN DUYMAZ | C67: Ödeme | F67: =bordro810[[#This Row],[Saat]]*bordro810[[#This Row],[S.Ücret]] -> 0 | G67: 2000
A68: 45865 | B68: CİHAN DUYMAZ | C68: Mesai | D68: 10 | E68: 230 | F68: =bordro810[[#This Row],[Saat]]*bordro810[[#This Row],[S.Ücret]] -> 2300 | G68: 0 | H68: PAZAR MESAİ | I68: =bordro810[[#This Row],[Ödeme]]-bordro810[[#This Row],[M. Tutar]] -> -2300 | J68: =SUMIF(bordro810[Personel],bordro810[[#This Row],[Personel]],F$3:F68)-SUMIF(bordro810[Personel],bordro810[[#This Row],[Personel]],G$3:G68) -> 17240 | K68: =TEXT(bordro810[[#This Row],[Tarih]],"yyyy") -> 2025 | L68: =TEXT(bordro810[[#This Row],[Tarih]],"yyyy/aa") -> 2025.aa | M68: =TEXT(bordro810[[#This Row],[Tarih]],"gggg") -> ADMS | N68: =VLOOKUP(B68,PersonelListesi!A$1:G$41,4,FALSE()) -> _KANTAR
A69: 45869 | B69: CİHAN DUYMAZ | C69: Mesai | D69: 4 | E69: 230 | F69: =bordro810[[#This Row],[Saat]]*bordro810[[#This Row],[S.Ücret]] -> 920 | G69: 0 | H69: PERŞEMBE 4 SAAT | I69: =bordro810[[#This Row],[Ödeme]]-bordro810[[#This Row],[M. Tutar]] -> -920 | J69: =SUMIF(bordro810[Personel],bordro810[[#This Row],[Personel]],F$3:F69)-SUMIF(bordro810[Personel],bordro810[[#This Row],[Personel]],G$3:G69) -> 17240 | K69: =TEXT(bordro810[[#This Row],[Tarih]],"yyyy") -> 2025 | L69: =TEXT(bordro810[[#This Row],[Tarih]],"yyyy/aa") -> 2025.aa | M69: =TEXT(bordro810[[#This Row],[Tarih]],"gggg") -> ADMS | N69: =VLOOKUP(B69,PersonelListesi!A$1:G$41,4,FALSE()) -> _KANTAR
A70: 45870 | B70: CİHAN DUYMAZ | C70: Mesai | D70: 2 | E70: 230 | F70: =bordro810[[#This Row],[Saat]]*bordro810[[#This Row],[S.Ücret]] -> 460 | G70: 0 | H70: CUMA 2 SAAT | I70: =bordro810[[#This Row],[Ödeme]]-bordro810[[#This Row],[M. Tutar]] -> -460 | J70: =SUMIF(bordro810[Personel],bordro810[[#This Row],[Personel]],F$3:F70)-SUMIF(bordro810[Personel],bordro810[[#This Row],[Personel]],G$3:G70) -> 17240 | K70: =TEXT(bordro810[[#This Row],[Tarih]],"yyyy") -> 2025 | L70: =TEXT(bordro810[[#This Row],[Tarih]],"yyyy/aa") -> 2025.aa | M70: =TEXT(bordro810[[#This Row],[Tarih]],"gggg") -> ADMS | N70: =VLOOKUP(B70,PersonelListesi!A$1:G$41,4,FALSE()) -> _KANTAR
A71: 45870 | B71: VEYSEL DUYMAZ | C71: Mesai | D71: 2 | E71: =VLOOKUP(B71,PersonelListesi!A$1:G$47,5,FALSE()) -> 250 | F71: =bordro810[[#This Row],[Saat]]*bordro810[[#This Row],[S.Ücret]] -> 500 | G71: 0 | H71: CUMA 2 SAAT | I71: =bordro810[[#This Row],[Ödeme]]-bordro810[[#This Row],[M. Tutar]] -> -500 | J71: =SUMIF(bordro810[Personel],bordro810[[#This Row],[Personel]],F$3:F71)-SUMIF(bordro810[Personel],bordro810[[#This Row],[Personel]],G$3:G71) -> 8550 | K71: =TEXT(bordro810[[#This Row],[Tarih]],"yyyy") -> 2025 | L71: =TEXT(bordro810[[#This Row],[Tarih]],"yyyy/aa") -> 2025.aa | M71: =TEXT(bordro810[[#This Row],[Tarih]],"gggg") -> ADMS | N71: =VLOOKUP(B71,PersonelListesi!A$1:G$41,4,FALSE()) -> _OPERATÖR
A72: 45871 | B72: BEKİR BULUT | C72: Mesai | D72: 2 | E72: 250 | F72: =bordro810[[#This Row],[Saat]]*bordro810[[#This Row],[S.Ücret]] -> 500 | G72: 0 | H72: CUMARTESİ 2 SAAT | I72: =bordro810[[#This Row],[Ödeme]]-bordro810[[#This Row],[M. Tutar]] -> -500 | J72: =SUMIF(bordro810[Personel],bordro810[[#This Row],[Personel]],F$3:F72)-SUMIF(bordro810[Personel],bordro810[[#This Row],[Personel]],G$3:G72) -> 13000 | K72: =TEXT(bordro810[[#This Row],[Tarih]],"yyyy") -> 2025 | L72: =TEXT(bordro810[[#This Row],[Tarih]],"yyyy/aa") -> 2025.aa | M72: =TEXT(bordro810[[#This Row],[Tarih]],"gggg") -> ADMS | N72: =VLOOKUP(B72,PersonelListesi!A$1:G$41,4,FALSE()) -> _OPERATÖR
A73: 45871 | B73: CİHAN DUYMAZ | C73: Mesai | D73: 2 | E73: 230 | F73: =bordro810[[#This Row],[Saat]]*bordro810[[#This Row],[S.Ücret]] -> 460 | G73: 0 | H73: CUMARTESİ 2 SAAT | I73: =bordro810[[#This Row],[Ödeme]]-bordro810[[#This Row],[M. Tutar]] -> -460 | J73: =SUMIF(bordro810[Personel],bordro810[[#This Row],[Personel]],F$3:F73)-SUMIF(bordro810[Personel],bordro810[[#This Row],[Personel]],G$3:G73) -> 17240 | K73: =TEXT(bordro810[[#This Row],[Tarih]],"yyyy") -> 2025 | L73: =TEXT(bordro810[[#This Row],[Tarih]],"yyyy/aa") -> 2025.aa | M73: =TEXT(bordro810[[#This Row],[Tarih]],"gggg") -> ADMS | N73: =VLOOKUP(B73,PersonelListesi!A$1:G$41,4,FALSE()) -> _KANTAR
A74: 45872 | B74: AYHAN DOĞRU | C74: Mesai | D74: 10 | E74: 250 | F74: =bordro810[[#This Row],[Saat]]*bordro810[[#This Row],[S.Ücret]] -> 2500 | G74: 0 | H74: PAZAR MESAİ | I74: =bordro810[[#This Row],[Ödeme]]-bordro810[[#This Row],[M. Tutar]] -> -2500 | J74: =SUMIF(bordro810[Personel],bordro810[[#This Row],[Personel]],F$3:F74)-SUMIF(bordro810[Personel],bordro810[[#This Row],[Personel]],G$3:G74) -> 9250 | K74: =TEXT(bordro810[[#This Row],[Tarih]],"yyyy") -> 2025 | L74: =TEXT(bordro810[[#This Row],[Tarih]],"yyyy/aa") -> 2025.aa | M74: =TEXT(bordro810[[#This Row],[Tarih]],"gggg") -> ADMS | N74: =VLOOKUP(B74,PersonelListesi!A$1:G$41,4,FALSE()) -> _OPERATÖR
A75: 45872 | B75: MUSTAFA KAHRAMAN | C75: Mesai | D75: 10 | E75: 230 | F75: =bordro810[[#This Row],[Saat]]*bordro810[[#This Row],[S.Ücret]] -> 2300 | G75: 0 | H75: PAZAR MESAİ | I75: =bordro810[[#This Row],[Ödeme]]-bordro810[[#This Row],[M. Tutar]] -> -2300 | J75: =SUMIF(bordro810[Personel],bordro810[[#This Row],[Personel]],F$3:F75)-SUMIF(bordro810[Personel],bordro810[[#This Row],[Personel]],G$3:G75) -> 5060 | K75: =TEXT(bordro810[[#This Row],[Tarih]],"yyyy") -> 2025 | L75: =TEXT(bordro810[[#This Row],[Tarih]],"yyyy/aa") -> 2025.aa | M75: =TEXT(bordro810[[#This Row],[Tarih]],"gggg") -> ADMS | N75: =VLOOKUP(B75,PersonelListesi!A$1:G$41,4,FALSE()) -> _ŞOFÖR
A76: 45872 | B76: OSMAN BİLGİN | C76: Mesai | D76: 10 | E76: 230 | F76: =bordro810[[#This Row],[Saat]]*bordro810[[#This Row],[S.Ücret]] -> 2300 | G76: 0 | H76: PAZAR MESAİ | I76: =bordro810[[#This Row],[Ödeme]]-bordro810[[#This Row],[M. Tutar]] -> -2300 | J76: =SUMIF(bordro810[Personel],bordro810[[#This Row],[Personel]],F$3:F76)-SUMIF(bordro810[Personel],bordro810[[#This Row],[Personel]],G$3:G76) -> 15030 | K76: =TEXT(bordro810[[#This Row],[Tarih]],"yyyy") -> 2025 | L76: =TEXT(bordro810[[#This Row],[Tarih]],"yyyy/aa") -> 2025.aa | M76: =TEXT(bordro810[[#This Row],[Tarih]],"gggg") -> ADMS | N76: =VLOOKUP(B76,PersonelListesi!A$1:G$41,4,FALSE()) -> _ŞOFÖR
A77: 45872 | B77: SÜLEYMAN İP | C77: Mesai | D77: 10 | E77: 230 | F77: =bordro810[[#This Row],[Saat]]*bordro810[[#This Row],[S.Ücret]] -> 2300 | G77: 0 | H77: PAZAR MESAİ | I77: =bordro810[[#This Row],[Ödeme]]-bordro810[[#This Row],[M. Tutar]] -> -2300 | J77: =SUMIF(bordro810[Personel],bordro810[[#This Row],[Personel]],F$3:F77)-SUMIF(bordro810[Personel],bordro810[[#This Row],[Personel]],G$3:G77) -> 19740 | K77: =TEXT(bordro810[[#This Row],[Tarih]],"yyyy") -> 2025 | L77: =TEXT(bordro810[[#This Row],[Tarih]],"yyyy/aa") -> 2025.aa | M77: =TEXT(bordro810[[#This Row],[Tarih]],"gggg") -> ADMS | N77: =VLOOKUP(B77,PersonelListesi!A$1:G$41,4,FALSE()) -> _D.ELEMAN
A78: 45872 | B78: EJDER COŞGUNOĞLU | C78: Mesai | D78: 10 | E78: 150 | F78: =bordro810[[#This Row],[Saat]]*bordro810[[#This Row],[S.Ücret]] -> 1500 | G78: 0 | H78: PAZAR MESAİ | I78: =bordro810[[#This Row],[Ödeme]]-bordro810[[#This Row],[M. Tutar]] -> -1500 | J78: =SUMIF(bordro810[Personel],bordro810[[#This Row],[Personel]],F$3:F78)-SUMIF(bordro810[Personel],bordro810[[#This Row],[Personel]],G$3:G78) -> 9300 | K78: =TEXT(bordro810[[#This Row],[Tarih]],"yyyy") -> 2025 | L78: =TEXT(bordro810[[#This Row],[Tarih]],"yyyy/aa") -> 2025.aa | M78: =TEXT(bordro810[[#This Row],[Tarih]],"gggg") -> ADMS | N78: =VLOOKUP(B78,PersonelListesi!A$1:G$41,4,FALSE()) -> _D.ELEMAN
A79: 45872 | B79: VEYSEL DUYMAZ | C79: Mesai | D79: 10 | E79: =VLOOKUP(B79,PersonelListesi!A$1:G$47,5,FALSE()) -> 250 | F79: =bordro810[[#This Row],[Saat]]*bordro810[[#This Row],[S.Ücret]] -> 2500 | G79: 0 | H79: PAZAR MESAİ | I79: =bordro810[[#This Row],[Ödeme]]-bordro810[[#This Row],[M. Tutar]] -> -2500 | J79: =SUMIF(bordro810[Personel],bordro810[[#This Row],[Personel]],F$3:F79)-SUMIF(bordro810[Personel],bordro810[[#This Row],[Personel]],G$3:G79) -> 8550 | K79: =TEXT(bordro810[[#This Row],[Tarih]],"yyyy") -> 2025 | L79: =TEXT(bordro810[[#This Row],[Tarih]],"yyyy/aa") -> 2025.aa | M79: =TEXT(bordro810[[#This Row],[Tarih]],"gggg") -> ADMS | N79: =VLOOKUP(B79,PersonelListesi!A$1:G$41,4,FALSE()) -> _OPERATÖR
A80: 45872 | B80: CİHAN DUYMAZ | C80: Mesai | D80: 10 | E80: 230 | F80: =bordro810[[#This Row],[Saat]]*bordro810[[#This Row],[S.Ücret]] -> 2300 | G80: 0 | H80: PAZAR MESAİ | I80: =bordro810[[#This Row],[Ödeme]]-bordro810[[#This Row],[M. Tutar]] -> -2300 | J80: =SUMIF(bordro810[Personel],bordro810[[#This Row],[Personel]],F$3:F80)-SUMIF(bordro810[Personel],bordro810[[#This Row],[Personel]],G$3:G80) -> 17240 | K80: =TEXT(bordro810[[#This Row],[Tarih]],"yyyy") -> 2025 | L80: =TEXT(bordro810[[#This Row],[Tarih]],"yyyy/aa") -> 2025.aa | M80: =TEXT(bordro810[[#This Row],[Tarih]],"gggg") -> ADMS | N80: =VLOOKUP(B80,PersonelListesi!A$1:G$41,4,FALSE()) -> _KANTAR
A81: 45875 | B81: AYHAN DOĞRU | C81: Mesai | D81: 3 | E81: 250 | F81: =bordro810[[#This Row],[Saat]]*bordro810[[#This Row],[S.Ücret]] -> 750 | G81: 0 | H81: ÇARŞAMBA 3 SAAT | I81: =bordro810[[#This Row],[Ödeme]]-bordro810[[#This Row],[M. Tutar]] -> -750 | J81: =SUMIF(bordro810[Personel],bordro810[[#This Row],[Personel]],F$3:F81)-SUMIF(bordro810[Personel],bordro810[[#This Row],[Personel]],G$3:G81) -> 9250 | K81: =TEXT(bordro810[[#This Row],[Tarih]],"yyyy") -> 2025 | L81: =TEXT(bordro810[[#This Row],[Tarih]],"yyyy/aa") -> 2025.aa | M81: =TEXT(bordro810[[#This Row],[Tarih]],"gggg") -> ADMS | N81: =VLOOKUP(B81,PersonelListesi!A$1:G$41,4,FALSE()) -> _OPERATÖR
A82: 45875 | B82: YAŞAR COŞKUN | C82: Mesai | D82: 3 | E82: 230 | F82: =bordro810[[#This Row],[Saat]]*bordro810[[#This Row],[S.Ücret]] -> 690 | G82: 0 | H82: ÇARŞAMBA 3 SAAT | I82: =bordro810[[#This Row],[Ödeme]]-bordro810[[#This Row],[M. Tutar]] -> -690 | J82: =SUMIF(bordro810[Personel],bordro810[[#This Row],[Personel]],F$3:F82)-SUMIF(bordro810[Personel],bordro810[[#This Row],[Personel]],G$3:G82) -> 7820 | K82: =TEXT(bordro810[[#This Row],[Tarih]],"yyyy") -> 2025 | L82: =TEXT(bordro810[[#This Row],[Tarih]],"yyyy/aa") -> 2025.aa | M82: =TEXT(bordro810[[#This Row],[Tarih]],"gggg") -> ADMS | N82: =VLOOKUP(B82,PersonelListesi!A$1:G$41,4,FALSE()) -> _ŞOFÖR
A83: 45875 | B83: OSMAN BİLGİN | C83: Mesai | D83: 3 | E83: 230 | F83: =bordro810[[#This Row],[Saat]]*bordro810[[#This Row],[S.Ücret]] -> 690 | G83: 0 | H83: ÇARŞAMBA 3 SAAT | I83: =bordro810[[#This Row],[Ödeme]]-bordro810[[#This Row],[M. Tutar]] -> -690 | J83: =SUMIF(bordro810[Personel],bordro810[[#This Row],[Personel]],F$3:F83)-SUMIF(bordro810[Personel],bordro810[[#This Row],[Personel]],G$3:G83) -> 15030 | K83: =TEXT(bordro810[[#This Row],[Tarih]],"yyyy") -> 2025 | L83: =TEXT(bordro810[[#This Row],[Tarih]],"yyyy/aa") -> 2025.aa | M83: =TEXT(bordro810[[#This Row],[Tarih]],"gggg") -> ADMS | N83: =VLOOKUP(B83,PersonelListesi!A$1:G$41,4,FALSE()) -> _ŞOFÖR
A84: 45875 | B84: ŞENOL DURMUŞ | C84: Mesai | D84: 3 | E84: 250 | F84: =bordro810[[#This Row],[Saat]]*bordro810[[#This Row],[S.Ücret]] -> 750 | G84: 0 | H84: ÇARŞAMBA 3 SAAT | I84: =bordro810[[#This Row],[Ödeme]]-bordro810[[#This Row],[M. Tutar]] -> -750 | J84: =SUMIF(bordro810[Personel],bordro810[[#This Row],[Personel]],F$3:F84)-SUMIF(bordro810[Personel],bordro810[[#This Row],[Personel]],G$3:G84) -> 4750 | K84: =TEXT(bordro810[[#This Row],[Tarih]],"yyyy") -> 2025 | L84: =TEXT(bordro810[[#This Row],[Tarih]],"yyyy/aa") -> 2025.aa | M84: =TEXT(bordro810[[#This Row],[Tarih]],"gggg") -> ADMS | N84: =VLOOKUP(B84,PersonelListesi!A$1:G$41,4,FALSE()) -> _D.ELEMAN
A85: 45875 | B85: EJDER COŞGUNOĞLU | C85: Mesai | D85: 3 | E85: 150 | F85: =bordro810[[#This Row],[Saat]]*bordro810[[#This Row],[S.Ücret]] -> 450 | G85: 0 | H85: ÇARŞAMBA 3 SAAT | I85: =bordro810[[#This Row],[Ödeme]]-bordro810[[#This Row],[M. Tutar]] -> -450 | J85: =SUMIF(bordro810[Personel],bordro810[[#This Row],[Personel]],F$3:F85)-SUMIF(bordro810[Personel],bordro810[[#This Row],[Personel]],G$3:G85) -> 9300 | K85: =TEXT(bordro810[[#This Row],[Tarih]],"yyyy") -> 2025 | L85: =TEXT(bordro810[[#This Row],[Tarih]],"yyyy/aa") -> 2025.aa | M85: =TEXT(bordro810[[#This Row],[Tarih]],"gggg") -> ADMS | N85: =VLOOKUP(B85,PersonelListesi!A$1:G$41,4,FALSE()) -> _D.ELEMAN
A86: 45876 | B86: VOLKAN KATRI | C86: Mesai | D86: 3 | E86: 250 | F86: =bordro810[[#This Row],[Saat]]*bordro810[[#This Row],[S.Ücret]] -> 750 | G86: 0 | H86: PERŞEMBE 3 SAAT | I86: =bordro810[[#This Row],[Ödeme]]-bordro810[[#This Row],[M. Tutar]] -> -750 | J86: =SUMIF(bordro810[Personel],bordro810[[#This Row],[Personel]],F$3:F86)-SUMIF(bordro810[Personel],bordro810[[#This Row],[Personel]],G$3:G86) -> 6250 | K86: =TEXT(bordro810[[#This Row],[Tarih]],"yyyy") -> 2025 | L86: =TEXT(bordro810[[#This Row],[Tarih]],"yyyy/aa") -> 2025.aa | M86: =TEXT(bordro810[[#This Row],[Tarih]],"gggg") -> ADMS | N86: =VLOOKUP(B86,PersonelListesi!A$1:G$41,4,FALSE()) -> _OPERATÖR
A87: 45876 | B87: MUSTAFA KAHRAMAN | C87: Mesai | D87: 3 | E87: 230 | F87: =bordro810[[#This Row],[Saat]]*bordro810[[#This Row],[S.Ücret]] -> 690 | G87: 0 | H87: PERŞEMBE 3 SAAT | I87: =bordro810[[#This Row],[Ödeme]]-bordro810[[#This Row],[M. Tutar]] -> -690 | J87: =SUMIF(bordro810[Personel],bordro810[[#This Row],[Personel]],F$3:F87)-SUMIF(bordro810[Personel],bordro810[[#This Row],[Personel]],G$3:G87) -> 5060 | K87: =TEXT(bordro810[[#This Row],[Tarih]],"yyyy") -> 2025 | L87: =TEXT(bordro810[[#This Row],[Tarih]],"yyyy/aa") -> 2025.aa | M87: =TEXT(bordro810[[#This Row],[Tarih]],"gggg") -> ADMS | N87: =VLOOKUP(B87,PersonelListesi!A$1:G$41,4,FALSE()) -> _ŞOFÖR
A88: 45876 | B88: YAŞAR COŞKUN | C88: Mesai | D88: 3 | E88: 230 | F88: =bordro810[[#This Row],[Saat]]*bordro810[[#This Row],[S.Ücret]] -> 690 | G88: 0 | H88: PERŞEMBE 3 SAAT | I88: =bordro810[[#This Row],[Ödeme]]-bordro810[[#This Row],[M. Tutar]] -> -690 | J88: =SUMIF(bordro810[Personel],bordro810[[#This Row],[Personel]],F$3:F88)-SUMIF(bordro810[Personel],bordro810[[#This Row],[Personel]],G$3:G88) -> 7820 | K88: =TEXT(bordro810[[#This Row],[Tarih]],"yyyy") -> 2025 | L88: =TEXT(bordro810[[#This Row],[Tarih]],"yyyy/aa") -> 2025.aa | M88: =TEXT(bordro810[[#This Row],[Tarih]],"gggg") -> ADMS | N88: =VLOOKUP(B88,PersonelListesi!A$1:G$41,4,FALSE()) -> _ŞOFÖR
A89: 45876 | B89: SÜLEYMAN İP | C89: Mesai | D89: 3 | E89: 230 | F89: =bordro810[[#This Row],[Saat]]*bordro810[[#This Row],[S.Ücret]] -> 690 | G89: 0 | H89: PERŞEMBE 3 SAAT | I89: =bordro810[[#This Row],[Ödeme]]-bordro810[[#This Row],[M. Tutar]] -> -690 | J89: =SUMIF(bordro810[Personel],bordro810[[#This Row],[Personel]],F$3:F89)-SUMIF(bordro810[Personel],bordro810[[#This Row],[Personel]],G$3:G89) -> 19740 | K89: =TEXT(bordro810[[#This Row],[Tarih]],"yyyy") -> 2025 | L89: =TEXT(bordro810[[#This Row],[Tarih]],"yyyy/aa") -> 2025.aa | M89: =TEXT(bordro810[[#This Row],[Tarih]],"gggg") -> ADMS | N89: =VLOOKUP(B89,PersonelListesi!A$1:G$41,4,FALSE()) -> _D.ELEMAN
A90: 45876 | B90: EJDER COŞGUNOĞLU | C90: Mesai | D90: 3 | E90: 150 | F90: =bordro810[[#This Row],[Saat]]*bordro810[[#This Row],[S.Ücret]] -> 450 | G90: 0 | H90: PERŞEMBE 3 SAAT | I90: =bordro810[[#This Row],[Ödeme]]-bordro810[[#This Row],[M. Tutar]] -> -450 | J90: =SUMIF(bordro810[Personel],bordro810[[#This Row],[Personel]],F$3:F90)-SUMIF(bordro810[Personel],bordro810[[#This Row],[Personel]],G$3:G90) -> 9300 | K90: =TEXT(bordro810[[#This Row],[Tarih]],"yyyy") -> 2025 | L90: =TEXT(bordro810[[#This Row],[Tarih]],"yyyy/aa") -> 2025.aa | M90: =TEXT(bordro810[[#This Row],[Tarih]],"gggg") -> ADMS | N90: =VLOOKUP(B90,PersonelListesi!A$1:G$41,4,FALSE()) -> _D.ELEMAN
A91: 45877 | B91: VOLKAN KATRI | C91: Mesai | D91: 3 | E91: 250 | F91: =bordro810[[#This Row],[Saat]]*bordro810[[#This Row],[S.Ücret]] -> 750 | G91: 0 | H91: CUMA MESAİ 3 SAAT | I91: =bordro810[[#This Row],[Ödeme]]-bordro810[[#This Row],[M. Tutar]] -> -750 | J91: =SUMIF(bordro810[Personel],bordro810[[#This Row],[Personel]],F$3:F91)-SUMIF(bordro810[Personel],bordro810[[#This Row],[Personel]],G$3:G91) -> 6250 | K91: =TEXT(bordro810[[#This Row],[Tarih]],"yyyy") -> 2025 | L91: =TEXT(bordro810[[#This Row],[Tarih]],"yyyy/aa") -> 2025.aa | M91: =TEXT(bordro810[[#This Row],[Tarih]],"gggg") -> ADMS | N91: =VLOOKUP(B91,PersonelListesi!A$1:G$41,4,FALSE()) -> _OPERATÖR
... A100: 45879 | B100: EJDER COŞGUNOĞLU | C100: Mesai | D100: 30 | E100: 150 | F100: =bordro810[[#This Row],[Saat]]*bordro810[[#This Row],[S.Ücret]] -> 4500 | G100: 0 | H100: PAZAR MESAİ | I100: =bordro810[[#This Row],[Ödeme]]-bordro810[[#This Row],[M. Tutar]] -> -4500 | J100: =SUMIF(bordro810[Personel],bordro810[[#This Row],[Personel]],F$3:F100)-SUMIF(bordro810[Personel],bordro810[[#This Row],[Personel]],G$3:G100) -> 9300 | K100: =TEXT(bordro810[[#This Row],[Tarih]],"yyyy") -> 2025 | L100: =TEXT(bordro810[[#This Row],[Tarih]],"yyyy/aa") -> 2025.aa | M100: =TEXT(bordro810[[#This Row],[Tarih]],"gggg") -> ADMS | N100: =VLOOKUP(B100,PersonelListesi!A$1:G$41,4,FALSE()) -> _D.ELEMAN
A101: 45879 | B101: VEYSEL DUYMAZ | C101: Mesai | D101: 10 | E101: =VLOOKUP(B101,PersonelListesi!A$1:G$47,5,FALSE()) -> 250 | F101: =bordro810[[#This Row],[Saat]]*bordro810[[#This Row],[S.Ücret]] -> 2500 | G101: 0 | H101: PAZAR MESAİ | I101: =bordro810[[#This Row],[Ödeme]]-bordro810[[#This Row],[M. Tutar]] -> -2500 | J101: =SUMIF(bordro810[Personel],bordro810[[#This Row],[Personel]],F$3:F101)-SUMIF(bordro810[Personel],bordro810[[#This Row],[Personel]],G$3:G101) -> 8550 | K101: =TEXT(bordro810[[#This Row],[Tarih]],"yyyy") -> 2025 | L101: =TEXT(bordro810[[#This Row],[Tarih]],"yyyy/aa") -> 2025.aa | M101: =TEXT(bordro810[[#This Row],[Tarih]],"gggg") -> ADMS | N101: =VLOOKUP(B101,PersonelListesi!A$1:G$41,4,FALSE()) -> _OPERATÖR
A102: 45879 | B102: CİHAN DUYMAZ | C102: Mesai | D102: 10 | E102: 230 | F102: =bordro810[[#This Row],[Saat]]*bordro810[[#This Row],[S.Ücret]] -> 2300 | G102: 0 | H102: PAZAR MESAİ | I102: =bordro810[[#This Row],[Ödeme]]-bordro810[[#This Row],[M. Tutar]] -> -2300 | J102: =SUMIF(bordro810[Personel],bordro810[[#This Row],[Personel]],F$3:F102)-SUMIF(bordro810[Personel],bordro810[[#This Row],[Personel]],G$3:G102) -> 17240 | K102: =TEXT(bordro810[[#This Row],[Tarih]],"yyyy") -> 2025 | L102: =TEXT(bordro810[[#This Row],[Tarih]],"yyyy/aa") -> 2025.aa | M102: =TEXT(bordro810[[#This Row],[Tarih]],"gggg") -> ADMS | N102: =VLOOKUP(B102,PersonelListesi!A$1:G$41,4,FALSE()) -> _KANTAR
A103: 45881 | B103: VOLKAN KATRI | C103: Mesai | D103: 3 | E103: 250 | F103: =bordro810[[#This Row],[Saat]]*bordro810[[#This Row],[S.Ücret]] -> 750 | G103: 0 | H103: SALI MESAİ 3 SAAT | I103: =bordro810[[#This Row],[Ödeme]]-bordro810[[#This Row],[M. Tutar]] -> -750 | J103: =SUMIF(bordro810[Personel],bordro810[[#This Row],[Personel]],F$3:F103)-SUMIF(bordro810[Personel],bordro810[[#This Row],[Personel]],G$3:G103) -> 6250 | K103: =TEXT(bordro810[[#This Row],[Tarih]],"yyyy") -> 2025 | L103: =TEXT(bordro810[[#This Row],[Tarih]],"yyyy/aa") -> 2025.aa | M103: =TEXT(bordro810[[#This Row],[Tarih]],"gggg") -> ADMS | N103: =VLOOKUP(B103,PersonelListesi!A$1:G$41,4,FALSE()) -> _OPERATÖR
A104: 45881 | B104: MUSTAFA KAHRAMAN | C104: Mesai | D104: 3 | E104: 230 | F104: =bordro810[[#This Row],[Saat]]*bordro810[[#This Row],[S.Ücret]] -> 690 | G104: 0 | H104: SALI MESAİ 3 SAAT | I104: =bordro810[[#This Row],[Ödeme]]-bordro810[[#This Row],[M. Tutar]] -> -690 | J104: =SUMIF(bordro810[Personel],bordro810[[#This Row],[Personel]],F$3:F104)-SUMIF(bordro810[Personel],bordro810[[#This Row],[Personel]],G$3:G104) -> 5060 | K104: =TEXT(bordro810[[#This Row],[Tarih]],"yyyy") -> 2025 | L104: =TEXT(bordro810[[#This Row],[Tarih]],"yyyy/aa") -> 2025.aa | M104: =TEXT(bordro810[[#This Row],[Tarih]],"gggg") -> ADMS | N104: =VLOOKUP(B104,PersonelListesi!A$1:G$41,4,FALSE()) -> _ŞOFÖR | R104: OPERAÖR:2.500 TL
A105: 45881 | B105: YAŞAR COŞKUN | C105: Mesai | D105: 3 | E105: 230 | F105: =bordro810[[#This Row],[Saat]]*bordro810[[#This Row],[S.Ücret]] -> 690 | G105: 0 | H105: SALI MESAİ 3 SAAT | I105: =bordro810[[#This Row],[Ödeme]]-bordro810[[#This Row],[M. Tutar]] -> -690 | J105: =SUMIF(bordro810[Personel],bordro810[[#This Row],[Personel]],F$3:F105)-SUMIF(bordro810[Personel],bordro810[[#This Row],[Personel]],G$3:G105) -> 7820 | K105: =TEXT(bordro810[[#This Row],[Tarih]],"yyyy") -> 2025 | L105: =TEXT(bordro810[[#This Row],[Tarih]],"yyyy/aa") -> 2025.aa | M105: =TEXT(bordro810[[#This Row],[Tarih]],"gggg") -> ADMS | N105: =VLOOKUP(B105,PersonelListesi!A$1:G$41,4,FALSE()) -> _ŞOFÖR | R105: ŞÖFÖR : | S105: 2.300 TL
A106: 45881 | B106: SÜLEYMAN İP | C106: Mesai | D106: 3 | E106: 230 | F106: =bordro810[[#This Row],[Saat]]*bordro810[[#This Row],[S.Ücret]] -> 690 | G106: 0 | H106: SALI MESAİ 3 SAAT | I106: =bordro810[[#This Row],[Ödeme]]-bordro810[[#This Row],[M. Tutar]] -> -690 | J106: =SUMIF(bordro810[Personel],bordro810[[#This Row],[Personel]],F$3:F106)-SUMIF(bordro810[Personel],bordro810[[#This Row],[Personel]],G$3:G106) -> 19740 | K106: =TEXT(bordro810[[#This Row],[Tarih]],"yyyy") -> 2025 | L106: =TEXT(bordro810[[#This Row],[Tarih]],"yyyy/aa") -> 2025.aa | M106: =TEXT(bordro810[[#This Row],[Tarih]],"gggg") -> ADMS | N106: =VLOOKUP(B106,PersonelListesi!A$1:G$41,4,FALSE()) -> _D.ELEMAN | R106: ÇENE: | S106: 1.500 TL
A107: 45881 | B107: EJDER COŞGUNOĞLU | C107: Mesai | D107: 3 | E107: 150 | F107: =bordro810[[#This Row],[Saat]]*bordro810[[#This Row],[S.Ücret]] -> 450 | G107: 0 | H107: SALI MESAİ 3 SAAT | I107: =bordro810[[#This Row],[Ödeme]]-bordro810[[#This Row],[M. Tutar]] -> -450 | J107: =SUMIF(bordro810[Personel],bordro810[[#This Row],[Personel]],F$3:F107)-SUMIF(bordro810[Personel],bordro810[[#This Row],[Personel]],G$3:G107) -> 9300 | K107: =TEXT(bordro810[[#This Row],[Tarih]],"yyyy") -> 2025 | L107: =TEXT(bordro810[[#This Row],[Tarih]],"yyyy/aa") -> 2025.aa | M107: =TEXT(bordro810[[#This Row],[Tarih]],"gggg") -> ADMS | N107: =VLOOKUP(B107,PersonelListesi!A$1:G$41,4,FALSE()) -> _D.ELEMAN
A108: 45882 | B108: VOLKAN KATRI | C108: Mesai | D108: 3 | E108: 250 | F108: =bordro810[[#This Row],[Saat]]*bordro810[[#This Row],[S.Ücret]] -> 750 | G108: 0 | H108: ÇARŞAMBA 3 SAAT | I108: =bordro810[[#This Row],[Ödeme]]-bordro810[[#This Row],[M. Tutar]] -> -750 | J108: =SUMIF(bordro810[Personel],bordro810[[#This Row],[Personel]],F$3:F108)-SUMIF(bordro810[Personel],bordro810[[#This Row],[Personel]],G$3:G108) -> 6250 | K108: =TEXT(bordro810[[#This Row],[Tarih]],"yyyy") -> 2025 | L108: =TEXT(bordro810[[#This Row],[Tarih]],"yyyy/aa") -> 2025.aa | M108: =TEXT(bordro810[[#This Row],[Tarih]],"gggg") -> ADMS | N108: =VLOOKUP(B108,PersonelListesi!A$1:G$41,4,FALSE()) -> _OPERATÖR
A109: 45882 | B109: MUSTAFA KAHRAMAN | C109: Mesai | D109: 3 | E109: 230 | F109: =bordro810[[#This Row],[Saat]]*bordro810[[#This Row],[S.Ücret]] -> 690 | G109: 0 | H109: ÇARŞAMBA 3 SAAT | I109: =bordro810[[#This Row],[Ödeme]]-bordro810[[#This Row],[M. Tutar]] -> -690 | J109: =SUMIF(bordro810[Personel],bordro810[[#This Row],[Personel]],F$3:F109)-SUMIF(bordro810[Personel],bordro810[[#This Row],[Personel]],G$3:G109) -> 5060 | K109: =TEXT(bordro810[[#This Row],[Tarih]],"yyyy") -> 2025 | L109: =TEXT(bordro810[[#This Row],[Tarih]],"yyyy/aa") -> 2025.aa | M109: =TEXT(bordro810[[#This Row],[Tarih]],"gggg") -> ADMS | N109: =VLOOKUP(B109,PersonelListesi!A$1:G$41,4,FALSE()) -> _ŞOFÖR
A110: 45882 | B110: OSMAN BİLGİN | C110: Mesai | D110: 3 | E110: 230 | F110: =bordro810[[#This Row],[Saat]]*bordro810[[#This Row],[S.Ücret]] -> 690 | G110: 0 | H110: ÇARŞAMBA 3 SAAT | I110: =bordro810[[#This Row],[Ödeme]]-bordro810[[#This Row],[M. Tutar]] -> -690 | J110: =SUMIF(bordro810[Personel],bordro810[[#This Row],[Personel]],F$3:F110)-SUMIF(bordro810[Personel],bordro810[[#This Row],[Personel]],G$3:G110) -> 15030 | K110: =TEXT(bordro810[[#This Row],[Tarih]],"yyyy") -> 2025 | L110: =TEXT(bordro810[[#This Row],[Tarih]],"yyyy/aa") -> 2025.aa | M110: =TEXT(bordro810[[#This Row],[Tarih]],"gggg") -> ADMS | N110: =VLOOKUP(B110,PersonelListesi!A$1:G$41,4,FALSE()) -> _ŞOFÖR
A111: 45882 | B111: YAŞAR COŞKUN | C111: Mesai | D111: 3 | E111: 230 | F111: =bordro810[[#This Row],[Saat]]*bordro810[[#This Row],[S.Ücret]] -> 690 | G111: 0 | H111: ÇARŞAMBA 3 SAAT | I111: =bordro810[[#This Row],[Ödeme]]-bordro810[[#This Row],[M. Tutar]] -> -690 | J111: =SUMIF(bordro810[Personel],bordro810[[#This Row],[Personel]],F$3:F111)-SUMIF(bordro810[Personel],bordro810[[#This Row],[Personel]],G$3:G111) -> 7820 | K111: =TEXT(bordro810[[#This Row],[Tarih]],"yyyy") -> 2025 | L111: =TEXT(bordro810[[#This Row],[Tarih]],"yyyy/aa") -> 2025.aa | M111: =TEXT(bordro810[[#This Row],[Tarih]],"gggg") -> ADMS | N111: =VLOOKUP(B111,PersonelListesi!A$1:G$41,4,FALSE()) -> _ŞOFÖR
A112: 45882 | B112: VEYSEL DUYMAZ | C112: Mesai | D112: 3 | E112: =VLOOKUP(B112,PersonelListesi!A$1:G$47,5,FALSE()) -> 250 | F112: =bordro810[[#This Row],[Saat]]*bordro810[[#This Row],[S.Ücret]] -> 750 | G112: 0 | H112: ÇARŞAMBA 3 SAAT | I112: =bordro810[[#This Row],[Ödeme]]-bordro810[[#This Row],[M. Tutar]] -> -750 | J112: =SUMIF(bordro810[Personel],bordro810[[#This Row],[Personel]],F$3:F112)-SUMIF(bordro810[Personel],bordro810[[#This Row],[Personel]],G$3:G112) -> 8550 | K112: =TEXT(bordro810[[#This Row],[Tarih]],"yyyy") -> 2025 | L112: =TEXT(bordro810[[#This Row],[Tarih]],"yyyy/aa") -> 2025.aa | M112: =TEXT(bordro810[[#This Row],[Tarih]],"gggg") -> ADMS | N112: =VLOOKUP(B112,PersonelListesi!A$1:G$41,4,FALSE()) -> _OPERATÖR
A113: 45882 | B113: ŞENOL DURMUŞ | C113: Mesai | D113: 3 | E113: =VLOOKUP(B113,PersonelListesi!A$1:G$47,5,FALSE()) -> 250 | F113: =bordro810[[#This Row],[Saat]]*bordro810[[#This Row],[S.Ücret]] -> 750 | G113: 0 | H113: ÇARŞAMBA 3 SAAT | I113: =bordro810[[#This Row],[Ödeme]]-bordro810[[#This Row],[M. Tutar]] -> -750 | J113: =SUMIF(bordro810[Personel],bordro810[[#This Row],[Personel]],F$3:F113)-SUMIF(bordro810[Personel],bordro810[[#This Row],[Personel]],G$3:G113) -> 4750 | K113: =TEXT(bordro810[[#This Row],[Tarih]],"yyyy") -> 2025 | L113: =TEXT(bordro810[[#This Row],[Tarih]],"yyyy/aa") -> 2025.aa | M113: =TEXT(bordro810[[#This Row],[Tarih]],"gggg") -> ADMS | N113: =VLOOKUP(B113,PersonelListesi!A$1:G$41,4,FALSE()) -> _D.ELEMAN
A114: 45883 | B114: VOLKAN KATRI | C114: Mesai | D114: 3 | E114: =VLOOKUP(B114,PersonelListesi!A$1:G$47,5,FALSE()) -> 250 | F114: =bordro810[[#This Row],[Saat]]*bordro810[[#This Row],[S.Ücret]] -> 750 | G114: 0 | I114: =bordro810[[#This Row],[Ödeme]]-bordro810[[#This Row],[M. Tutar]] -> -750 | J114: =SUMIF(bordro810[Personel],bordro810[[#This Row],[Personel]],F$3:F114)-SUMIF(bordro810[Personel],bordro810[[#This Row],[Personel]],G$3:G114) -> 6250 | K114: =TEXT(bordro810[[#This Row],[Tarih]],"yyyy") -> 2025 | L114: =TEXT(bordro810[[#This Row],[Tarih]],"yyyy/aa") -> 2025.aa | M114: =TEXT(bordro810[[#This Row],[Tarih]],"gggg") -> ADMS | N114: =VLOOKUP(B114,PersonelListesi!A$1:G$41,4,FALSE()) -> _OPERATÖR
A115: 45883 | B115: MUSTAFA KAHRAMAN | E115: =VLOOKUP(B115,PersonelListesi!A$1:G$47,5,FALSE()) -> 200 | F115: =bordro810[[#This Row],[Saat]]*bordro810[[#This Row],[S.Ücret]] -> 0 | G115: 0 | I115: =bordro810[[#This Row],[Ödeme]]-bordro810[[#This Row],[M. Tutar]] -> 0 | J115: =SUMIF(bordro810[Personel],bordro810[[#This Row],[Personel]],F$3:F115)-SUMIF(bordro810[Personel],bordro810[[#This Row],[Personel]],G$3:G115) -> 5060 | K115: =TEXT(bordro810[[#This Row],[Tarih]],"yyyy") -> 2025 | L115: =TEXT(bordro810[[#This Row],[Tarih]],"yyyy/aa") -> 2025.aa | M115: =TEXT(bordro810[[#This Row],[Tarih]],"gggg") -> ADMS | N115: =VLOOKUP(B115,PersonelListesi!A$1:G$41,4,FALSE()) -> _ŞOFÖR
E116: =VLOOKUP(B116,PersonelListesi!A$1:G$47,5,FALSE()) -> #N/A | F116: =bordro810[[#This Row],[Saat]]*bordro810[[#This Row],[S.Ücret]] -> #N/A | G116: 0 | I116: =bordro810[[#This Row],[Ödeme]]-bordro810[[#This Row],[M. Tutar]] -> #N/A | J116: =SUMIF(bordro810[Personel],bordro810[[#This Row],[Personel]],F$3:F116)-SUMIF(bordro810[Personel],bordro810[[#This Row],[Personel]],G$3:G116) -> 0 | K116: =TEXT(bordro810[[#This Row],[Tarih]],"yyyy") -> 1899 | L116: =TEXT(bordro810[[#This Row],[Tarih]],"yyyy/aa") -> 1899.aa | M116: =TEXT(bordro810[[#This Row],[Tarih]],"gggg") -> ADMS | N116: =VLOOKUP(B116,PersonelListesi!A$1:G$41,4,FALSE()) -> #N/A
E117: =VLOOKUP(B117,PersonelListesi!A$1:G$47,5,FALSE()) -> #N/A | F117: =bordro810[[#This Row],[Saat]]*bordro810[[#This Row],[S.Ücret]] -> #N/A | G117: 0 | I117: =bordro810[[#This Row],[Ödeme]]-bordro810[[#This Row],[M. Tutar]] -> #N/A | J117: =SUMIF(bordro810[Personel],bordro810[[#This Row],[Personel]],F$3:F117)-SUMIF(bordro810[Personel],bordro810[[#This Row],[Personel]],G$3:G117) -> 0 | K117: =TEXT(bordro810[[#This Row],[Tarih]],"yyyy") -> 1899 | L117: =TEXT(bordro810[[#This Row],[Tarih]],"yyyy/aa") -> 1899.aa | M117: =TEXT(bordro810[[#This Row],[Tarih]],"gggg") -> ADMS | N117: =VLOOKUP(B117,PersonelListesi!A$1:G$41,4,FALSE()) -> #N/A
E118: =VLOOKUP(B118,PersonelListesi!A$1:G$47,5,FALSE()) -> #N/A | F118: =bordro810[[#This Row],[Saat]]*bordro810[[#This Row],[S.Ücret]] -> #N/A | G118: 0 | I118: =bordro810[[#This Row],[Ödeme]]-bordro810[[#This Row],[M. Tutar]] -> #N/A | J118: =SUMIF(bordro810[Personel],bordro810[[#This Row],[Personel]],F$3:F118)-SUMIF(bordro810[Personel],bordro810[[#This Row],[Personel]],G$3:G118) -> 0 | K118: =TEXT(bordro810[[#This Row],[Tarih]],"yyyy") -> 1899 | L118: =TEXT(bordro810[[#This Row],[Tarih]],"yyyy/aa") -> 1899.aa | M118: =TEXT(bordro810[[#This Row],[Tarih]],"gggg") -> ADMS | N118: =VLOOKUP(B118,PersonelListesi!A$1:G$41,4,FALSE()) -> #N/A
...

Sheet Mesai Mizan(Formül)
B2: MESAİ ÖDEME LİSTESİ | E2: =TODAY() -> 45966
B3: Personel | C3: T.Saat | D3: T. MESAİ | E3: T. ÖDEME | F3: BAKİYE | G3: Sütun1 | H3: Sütun2
A4: . | B4: ABDULLAH KARAHANCI | C4: =SUMIF(bordro810[Personel],bordro89[[#This Row],[Personel]],bordro810[Saat]) -> 0 | D4: =SUMIF(bordro810[Personel],bordro89[[#This Row],[Personel]],bordro810[M. Tutar]) -> 0 | E4: =SUMIF(bordro810[Personel],bordro89[[#This Row],[Personel]],bordro810[Ödeme]) -> 0 | F4: =bordro89[[#This Row],[T. MESAİ]]-bordro89[[#This Row],[T. ÖDEME]] -> 0
A5: . | B5: AYHAN DOĞRU | C5: =SUMIF(bordro810[Personel],bordro89[[#This Row],[Personel]],bordro810[Saat]) -> 43 | D5: =SUMIF(bordro810[Personel],bordro89[[#This Row],[Personel]],bordro810[M. Tutar]) -> 9250 | E5: =SUMIF(bordro810[Personel],bordro89[[#This Row],[Personel]],bordro810[Ödeme]) -> 0 | F5: =bordro89[[#This Row],[T. MESAİ]]-bordro89[[#This Row],[T. ÖDEME]] -> 9250
B6: EJDER COŞGUNOĞLU | C6: =SUMIF(bordro810[Personel],bordro89[[#This Row],[Personel]],bordro810[Saat]) -> 74 | D6: =SUMIF(bordro810[Personel],bordro89[[#This Row],[Personel]],bordro810[M. Tutar]) -> 11100 | E6: =SUMIF(bordro810[Personel],bordro89[[#This Row],[Personel]],bordro810[Ödeme]) -> 1800 | F6: =bordro89[[#This Row],[T. MESAİ]]-bordro89[[#This Row],[T. ÖDEME]] -> 9300
B7: DURSUN DURMUŞ | C7: =SUMIF(bordro810[Personel],bordro89[[#This Row],[Personel]],bordro810[Saat]) -> 0 | D7: =SUMIF(bordro810[Personel],bordro89[[#This Row],[Personel]],bordro810[M. Tutar]) -> 0 | E7: =SUMIF(bordro810[Personel],bordro89[[#This Row],[Personel]],bordro810[Ödeme]) -> 0 | F7: =bordro89[[#This Row],[T. MESAİ]]-bordro89[[#This Row],[T. ÖDEME]] -> 0
B8: SÜLEYMAN İP | C8: =SUMIF(bordro810[Personel],bordro89[[#This Row],[Personel]],bordro810[Saat]) -> 93 | D8: =SUMIF(bordro810[Personel],bordro89[[#This Row],[Personel]],bordro810[M. Tutar]) -> 19740 | E8: =SUMIF(bordro810[Personel],bordro89[[#This Row],[Personel]],bordro810[Ödeme]) -> 0 | F8: =bordro89[[#This Row],[T. MESAİ]]-bordro89[[#This Row],[T. ÖDEME]] -> 19740
B9: ŞENOL DURMUŞ | C9: =SUMIF(bordro810[Personel],bordro89[[#This Row],[Personel]],bordro810[Saat]) -> 51 | D9: =SUMIF(bordro810[Personel],bordro89[[#This Row],[Personel]],bordro810[M. Tutar]) -> 12750 | E9: =SUMIF(bordro810[Personel],bordro89[[#This Row],[Personel]],bordro810[Ödeme]) -> 8000 | F9: =bordro89[[#This Row],[T. MESAİ]]-bordro89[[#This Row],[T. ÖDEME]] -> 4750
B10: VEYSEL DUYMAZ | C10: =SUMIF(bordro810[Personel],bordro89[[#This Row],[Personel]],bordro810[Saat]) -> 35 | D10: =SUMIF(bordro810[Personel],bordro89[[#This Row],[Personel]],bordro810[M. Tutar]) -> 8550 | E10: =SUMIF(bordro810[Personel],bordro89[[#This Row],[Personel]],bordro810[Ödeme]) -> 0 | F10: =bordro89[[#This Row],[T. MESAİ]]-bordro89[[#This Row],[T. ÖDEME]] -> 8550
B11: MUSTAFA KAHRAMAN | C11: =SUMIF(bordro810[Personel],bordro89[[#This Row],[Personel]],bordro810[Saat]) -> 54 | D11: =SUMIF(bordro810[Personel],bordro89[[#This Row],[Personel]],bordro810[M. Tutar]) -> 12420 | E11: =SUMIF(bordro810[Personel],bordro89[[#This Row],[Personel]],bordro810[Ödeme]) -> 7360 | F11: =bordro89[[#This Row],[T. MESAİ]]-bordro89[[#This Row],[T. ÖDEME]] -> 5060
B12: OSMAN BİLGİN | C12: =SUMIF(bordro810[Personel],bordro89[[#This Row],[Personel]],bordro810[Saat]) -> 66 | D12: =SUMIF(bordro810[Personel],bordro89[[#This Row],[Personel]],bordro810[M. Tutar]) -> 15030 | E12: =SUMIF(bordro810[Personel],bordro89[[#This Row],[Personel]],bordro810[Ödeme]) -> 0 | F12: =bordro89[[#This Row],[T. MESAİ]]-bordro89[[#This Row],[T. ÖDEME]] -> 15030
B13: MEHMET ALİ ALTINOK | C13: =SUMIF(bordro810[Personel],bordro89[[#This Row],[Personel]],bordro810[Saat]) -> 20 | D13: =SUMIF(bordro810[Personel],bordro89[[#This Row],[Personel]],bordro810[M. Tutar]) -> 5000 | E13: =SUMIF(bordro810[Personel],bordro89[[#This Row],[Personel]],bordro810[Ödeme]) -> 0 | F13: =bordro89[[#This Row],[T. MESAİ]]-bordro89[[#This Row],[T. ÖDEME]] -> 5000
A14: . | B14: BEKİR BULUT | C14: =SUMIF(bordro810[Personel],bordro89[[#This Row],[Personel]],bordro810[Saat]) -> 52 | D14: =SUMIF(bordro810[Personel],bordro89[[#This Row],[Personel]],bordro810[M. Tutar]) -> 13000 | E14: =SUMIF(bordro810[Personel],bordro89[[#This Row],[Personel]],bordro810[Ödeme]) -> 0 | F14: =bordro89[[#This Row],[T. MESAİ]]-bordro89[[#This Row],[T. ÖDEME]] -> 13000
B15: CİHAN DUYMAZ | C15: =SUMIF(bordro810[Personel],bordro89[[#This Row],[Personel]],bordro810[Saat]) -> 108 | D15: =SUMIF(bordro810[Personel],bordro89[[#This Row],[Personel]],bordro810[M. Tutar]) -> 24840 | E15: =SUMIF(bordro810[Personel],bordro89[[#This Row],[Personel]],bordro810[Ödeme]) -> 7600 | F15: =bordro89[[#This Row],[T. MESAİ]]-bordro89[[#This Row],[T. ÖDEME]] -> 17240
B16: MURAT EROL | C16: =SUMIF(bordro810[Personel],bordro89[[#This Row],[Personel]],bordro810[Saat]) -> 20 | D16: =SUMIF(bordro810[Personel],bordro89[[#This Row],[Personel]],bordro810[M. Tutar]) -> 5000 | E16: =SUMIF(bordro810[Personel],bordro89[[#This Row],[Personel]],bordro810[Ödeme]) -> 0 | F16: =bordro89[[#This Row],[T. MESAİ]]-bordro89[[#This Row],[T. ÖDEME]] -> 5000
A17: . | B17: VOLKAN KATRI | C17: =SUMIF(bordro810[Personel],bordro89[[#This Row],[Personel]],bordro810[Saat]) -> 25 | D17: =SUMIF(bordro810[Personel],bordro89[[#This Row],[Personel]],bordro810[M. Tutar]) -> 6250 | E17: =SUMIF(bordro810[Personel],bordro89[[#This Row],[Personel]],bordro810[Ödeme]) -> 0 | F17: =bordro89[[#This Row],[T. MESAİ]]-bordro89[[#This Row],[T. ÖDEME]] -> 6250
B18: YAŞAR COŞKUN | C18: =SUMIF(bordro810[Personel],bordro89[[#This Row],[Personel]],bordro810[Saat]) -> 56 | D18: =SUMIF(bordro810[Personel],bordro89[[#This Row],[Personel]],bordro810[M. Tutar]) -> 12880 | E18: =SUMIF(bordro810[Personel],bordro89[[#This Row],[Personel]],bordro810[Ödeme]) -> 5060 | F18: =bordro89[[#This Row],[T. MESAİ]]-bordro89[[#This Row],[T. ÖDEME]] -> 7820
B19: NERMİN ŞEN | C19: =SUMIF(bordro810[Personel],bordro89[[#This Row],[Personel]],bordro810[Saat]) -> 0 | D19: =SUMIF(bordro810[Personel],bordro89[[#This Row],[Personel]],bordro810[M. Tutar]) -> 0 | E19: =SUMIF(bordro810[Personel],bordro89[[#This Row],[Personel]],bordro810[Ödeme]) -> 0 | F19: =bordro89[[#This Row],[T. MESAİ]]-bordro89[[#This Row],[T. ÖDEME]] -> 0
C20: =SUMIF(bordro810[Personel],bordro89[[#This Row],[Personel]],bordro810[Saat]) -> 0 | D20: =SUMIF(bordro810[Personel],bordro89[[#This Row],[Personel]],bordro810[M. Tutar]) -> 0 | E20: =SUMIF(bordro810[Personel],bordro89[[#This Row],[Personel]],bordro810[Ödeme]) -> 0 | F20: =bordro89[[#This Row],[T. MESAİ]]-bordro89[[#This Row],[T. ÖDEME]] -> 0
C21: =SUMIF(bordro810[Personel],bordro89[[#This Row],[Personel]],bordro810[Saat]) -> 0 | D21: =SUMIF(bordro810[Personel],bordro89[[#This Row],[Personel]],bordro810[M. Tutar]) -> 0 | E21: =SUMIF(bordro810[Personel],bordro89[[#This Row],[Personel]],bordro810[Ödeme]) -> 0 | F21: =bordro89[[#This Row],[T. MESAİ]]-bordro89[[#This Row],[T. ÖDEME]] -> 0
C22: =SUMIF(bordro810[Personel],bordro89[[#This Row],[Personel]],bordro810[Saat]) -> 0 | D22: =SUMIF(bordro810[Personel],bordro89[[#This Row],[Personel]],bordro810[M. Tutar]) -> 0 | E22: =SUMIF(bordro810[Personel],bordro89[[#This Row],[Personel]],bordro810[Ödeme]) -> 0 | F22: =bordro89[[#This Row],[T. MESAİ]]-bordro89[[#This Row],[T. ÖDEME]] -> 0
C23: =SUMIF(bordro810[Personel],bordro89[[#This Row],[Personel]],bordro810[Saat]) -> 0 | D23: =SUMIF(bordro810[Personel],bordro89[[#This Row],[Personel]],bordro810[M. Tutar]) -> 0 | E23: =SUMIF(bordro810[Personel],bordro89[[#This Row],[Personel]],bordro810[Ödeme]) -> 0 | F23: =bordro89[[#This Row],[T. MESAİ]]-bordro89[[#This Row],[T. ÖDEME]] -> 0
C24: =SUMIF(bordro810[Personel],bordro89[[#This Row],[Personel]],bordro810[Saat]) -> 0 | D24: =SUMIF(bordro810[Personel],bordro89[[#This Row],[Personel]],bordro810[M. Tutar]) -> 0 | E24: =SUMIF(bordro810[Personel],bordro89[[#This Row],[Personel]],bordro810[Ödeme]) -> 0 | F24: =bordro89[[#This Row],[T. MESAİ]]-bordro89[[#This Row],[T. ÖDEME]] -> 0
C25: =SUMIF(bordro810[Personel],bordro89[[#This Row],[Personel]],bordro810[Saat]) -> 0 | D25: =SUMIF(bordro810[Personel],bordro89[[#This Row],[Personel]],bordro810[M. Tutar]) -> 0 | E25: =SUMIF(bordro810[Personel],bordro89[[#This Row],[Personel]],bordro810[Ödeme]) -> 0 | F25: =bordro89[[#This Row],[T. MESAİ]]-bordro89[[#This Row],[T. ÖDEME]] -> 0
C26: =SUMIF(bordro810[Personel],bordro89[[#This Row],[Personel]],bordro810[Saat]) -> 0 | D26: =SUMIF(bordro810[Personel],bordro89[[#This Row],[Personel]],bordro810[M. Tutar]) -> 0 | E26: =SUMIF(bordro810[Personel],bordro89[[#This Row],[Personel]],bordro810[Ödeme]) -> 0 | F26: =bordro89[[#This Row],[T. MESAİ]]-bordro89[[#This Row],[T. ÖDEME]] -> 0
C27: =SUMIF(bordro810[Personel],bordro89[[#This Row],[Personel]],bordro810[Saat]) -> 0 | D27: =SUMIF(bordro810[Personel],bordro89[[#This Row],[Personel]],bordro810[M. Tutar]) -> 0 | E27: =SUMIF(bordro810[Personel],bordro89[[#This Row],[Personel]],bordro810[Ödeme]) -> 0 | F27: =bordro89[[#This Row],[T. MESAİ]]-bordro89[[#This Row],[T. ÖDEME]] -> 0
C28: =SUBTOTAL(109,bordro89[T.Saat]) -> 697 | D28: =SUBTOTAL(109,bordro89[T. MESAİ]) -> 155810 | E28: =SUBTOTAL(109,bordro89[T. ÖDEME]) -> 29820 | F28: =SUBTOTAL(109,bordro89[BAKİYE]) -> 125990

Sheet Mesai Mizan 2
D1: FM MİZAN
A2: Personel | B2: Toplam M. Tutar | C2: Toplam Ödeme | D2: Toplam Bakiye
A3: AYHAN DOĞRU | B3: 9250 | C3: 0 | D3: -9250
A4: CİHAN DUYMAZ | B4: 24840 | C4: 7600 | D4: -20240
A5: SÜLEYMAN İP | B5: 19740 | C5: 0 | D5: -11140
A6: ŞENOL DURMUŞ | B6: 12750 | C6: 8000 | D6: -4750
A7: VEYSEL DUYMAZ | B7: 8550 | C7: 0 | D7: -8550
A8: YILMAZ YILMAZ | B8: 3220 | C8: 920 | D8: -2300
A9: OSMAN BİLGİN | B9: 15030 | C9: 0 | D9: =#VALUE! -> #VALUE!
A10: BEKİR BULUT | B10: 13000 | C10: 0 | D10: -13000
A11: CUMA HAVAN | B11: 5100 | C11: 0 | D11: -5100
A12: EJDER COŞGUNOĞLU | B12: 11100 | C12: 1800 | D12: -9300
A13: ENVER İBKİN | B13: 0 | C13: 0 | D13: 0
A14: HARUN ZEYBEK | B14: 1000 | C14: 1000 | D14: 0
A15: MEHMET ALİ ALTINOK | B15: 5000 | C15: 0 | D15: -5000
A16: MURAT EROL | B16: 5000 | C16: 0 | D16: -5000
A17: VOLKAN KATRI | B17: 6250 | C17: 0 | D17: -6250
A18: YAŞAR COŞKUN | B18: 12880 | C18: 5060 | D18: -7820
A19: Total Result | B19: 152710 | C19: 24380 | D19: =#VALUE! -> #VALUE!

Sheet AYLIK FM ÖZET
D1: FM PUANTAJI
A2: YIL | B2: - all -
A3: grp | B3: - multiple -
A5: ay | B5: Toplam M. Tutar
A6: (empty) | B6: 8600
A7: 2025.aa | B7: 53550
A8: Total Result | B8: 62150

Sheet Yeni Mesai Aylık Rapor
D1: FM PUANTAJI
A3: Toplam M. Tutar | B3: Tarih
A4: Personel | B4: (empty) | C4: 45690 | D4: 45692 | E4: 45698 | F4: 45699 | G4: 45704 | H4: 45731 | I4: 45767 | J4: 45770 | K4: 45774 | L4: 45781 | M4: 45796 | N4: 45813 | O4: 45814 | P4: 45815 | Q4: 45816 | R4: 45817 | S4: 45842 | T4: 45853 | U4: 45858 | V4: 45863 | W4: 45865 | X4: 45869 | Y4: 45870 | Z4: 45871 | AA4: 45872 | AB4: 45875 | AC4: 45876 | AD4: 45877 | AE4: 45879 | AF4: 45881 | AG4: 45882 | AH4: 45883 | AI4: Total Result
A5: AYHAN DOĞRU | I5: 2500 | J5: 2500 | Q5: 1000 | AA5: 2500 | AB5: 750 | AI5: 9250
A6: CİHAN DUYMAZ | C6: 2300 | G6: 2300 | I6: 2300 | K6: 2300 | M6: 2300 | S6: 0 | T6: 2300 | U6: 2300 | V6: 0 | W6: 2300 | X6: 920 | Y6: 460 | Z6: 460 | AA6: 2300 | AE6: 2300 | AI6: 24840
A7: SÜLEYMAN İP | D7: 400 | E7: 460 | G7: 2300 | H7: 8600 | J7: 2300 | Q7: 1000 | R7: 1000 | AA7: 2300 | AC7: 690 | AF7: 690 | AI7: 19740
A8: ŞENOL DURMUŞ | C8: 2500 | F8: 500 | I8: 2500 | L8: 2500 | AB8: 750 | AD8: 750 | AE8: 2500 | AG8: 750 | AI8: 12750
A9: VEYSEL DUYMAZ | G9: 2300 | Y9: 500 | AA9: 2500 | AE9: 2500 | AG9: 750 | AI9: 8550
A10: YILMAZ YILMAZ | D10: 460 | F10: 460 | L10: 2300 | AI10: 3220
A11: (empty) | B11: =#VALUE! -> #VALUE! | AI11: =#VALUE! -> #VALUE!
A12: OSMAN BİLGİN | C12: 2300 | E12: 460 | I12: 2300 | L12: 2300 | R12: 1000 | AA12: 2300 | AB12: 690 | AD12: 690 | AE12: 2300 | AG12: 690 | AI12: 15030
A13: MUSTAFA KAHRAMAN | C13: 2300 | E13: 460 | G13: 2300 | J13: 2300 | AA13: 2300 | AC13: 690 | AD13: 690 | AF13: 690 | AG13: 690 | AH13: 0 | AI13: 12420
A14: ÜMİT YİĞİT | C14: 2500 | E14: 500 | G14: 2500 | AI14: 5500
A15: BEKİR BULUT | I15: 2500 | K15: 2500 | M15: 2500 | T15: 5000 | Z15: 500 | AI15: 13000
A16: CUMA HAVAN | C16: 1500 | D16: 300 | F16: 300 | I16: 1500 | L16: 1500 | AI16: 5100
A17: EJDER COŞGUNOĞLU | E17: 300 | G17: 1500 | J17: 1500 | AA17: 1500 | AB17: 450 | AC17: 450 | AD17: 450 | AE17: 4500 | AF17: 450 | AI17: 11100
A18: ENVER İBKİN | N18: 0 | O18: 0 | P18: 0 | AI18: 0
A19: HARUN ZEYBEK | D19: 500 | F19: 500 | AI19: 1000
A20: MEHMET ALİ ALTINOK | C20: 2500 | L20: 2500 | AI20: 5000
A21: MURAT EROL | L21: 5000 | AI21: 5000
A22: VOLKAN KATRI | AC22: 750 | AD22: 750 | AE22: 2500 | AF22: 750 | AG22: 750 | AH22: 750 | AI22: 6250
A23: YAŞAR COŞKUN | D23: 460 | F23: 460 | G23: 2300 | J23: 2300 | L23: 2300 | AB23: 690 | AC23: 690 | AE23: 2300 | AF23: 690 | AG23: 690 | AI23: 12880
A24: Total Result | B24: =#VALUE! -> #VALUE! | C24: 15900 | D24: 2120 | E24: 2180 | F24: 2220 | G24: 15500 | H24: 8600 | I24: 13600 | J24: 10900 | K24: 4800 | L24: 18400 | M24: 4800 | N24: 0 | O24: 0 | P24: 0 | Q24: 2000 | R24: 2000 | S24: 0 | T24: 7300 | U24: 2300 | V24: 0 | W24: 2300 | X24: 920 | Y24: 960 | Z24: 960 | AA24: 15700 | AB24: 3330 | AC24: 3270 | AD24: 3330 | AE24: 18900 | AF24: 3270 | AG24: 4320 | AH24: 750 | AI24: =#VALUE! -> #VALUE!

Sheet Sayfa3
A1: SIRA NO | B1: GÖREVİ | C1: ADI-SOYADI | D1: Oca.24 | E1: Tem.24 | F1: Ağu.24 | G1: Oca.25
A2: 1- | B2: LODER OP. | C2: VEYSEL DUYMAZ | D2: 35000 | E2: 40000 | F2: -
A3: 2- | B3: LODER OP. | C3: MEHMET ALİ ALTINOK | D3: 35000 | E3: 42500 | F3: -
A4: 3- | B4: YÜKLEYİCİ OP. | C4: HARUN ZEYBEK | D4: - | E4: 42500 | F4: -
A5: 4- | B5: YÜKLEYİCİ OP. | C5: ÜMİT YİĞİT | D5: 37500 | E5: 42500 | F5: -
A6: 5- | B6: KADEME | C6: ALİM MEDETOĞULLARI | D6: 35000 | E6: 40000 | F6: 42500
A7: 6- | B7: KANTAR | C7: CİHAN DUYMAZ | D7: 30000 | E7: 33000 | F7: -
A8: 7- | B8: ŞÖFÖR | C8: OSMAN BİLGİN | D8: 30000 | E8: 33000 | F8: -
A9: 8- | B9: ŞÖFÖR | C9: YILMAZ YILMAZ | D9: 30000 | E9: 33000 | F9: -
A10: 9- | B10: ŞÖFÖR | C10: YAŞAR COŞKUN | D10: - | E10: 35000 | F10: -
A11: 10- | B11: ŞÖFÖR | C11: MUSTAFA KAHRAMAN | D11: 30000 | E11: 37500 | F11: -
A12: 11- | B12: MUTFAK | C12: NERMİN ŞEN | D12: 23000 | E12: 25000 | F12: -
A13: 12- | B13: BEKÇİ | C13: ENVER İBKİN | D13: - | E13: 25000 | F13: -

Sheet Sayfa4
B1: YIL | C1: AY | D1: SSK FRM | E1: TC KİMLİK NO | F1: MÜŞT. NO | G1: Sütun1 | H1: Personel | I1: G. Maaş | J1: SGK-BNK | K1: E. | L1: B+E | M1: Eld. [+/-] | N1: Açıklama | O1: Yİ
B2: 2025 | C2: 1 | D2: _MUHASEBE | E2: 28699369338 | F2: 96358353 | G2: part2 | H2: ABDULLAH KARAHANCI | I2: 57500 | J2: 40000 | K2: 5000 | L2: 45000
B3: 2025 | C3: 1 | D3: _D.ELEMAN | E3: 17630785580 | F3: 95529415 | G3: part2 | H3: DURSUN DURMUŞ | I3: 75000 | J3: 2670 | K3: 62330 | L3: 65000
B4: 2025 | C4: 1 | D4: _MUHASEBE | E4: 55186680706 | F4: 95787183 | G4: part2 | H4: RAMAZAN TUNCER | I4: 22104 | J4: 22104 | K4: 0 | L4: 22104
B5: 2025 | C5: 1 | D5: _D.ELEMAN | E5: 21242693324 | F5: 95532064 | G5: Part1 | H5: SÜLEYMAN İP | I5: 48000 | J5: 1670 | K5: 38330 | L5: 40000
B6: 2025 | C6: 1 | D6: _D.ELEMAN | E6: 17159801204 | F6: 95532066 | G6: Part1 | H6: ŞENOL DURMUŞ | I6: 52000 | J6: 40000 | K6: 5000 | L6: 45000
B7: 2025 | C7: 1 | D7: _D.ELEMAN | E7: 36826974454 | F7: 0 | G7: Part1 | H7: CUMA HAVAN | I7: 34500 | J7: 22104 | K7: 12998 | L7: 35102
B8: 2025 | C8: 1 | D8: _D.ELEMAN | E8: 17917837216 | F8: 0 | G8: Part1 | H8: EJDER COŞGUNOĞLU | I8: 34500 | J8: 1603 | K8: 12998 | L8: 14601
B9: 2025 | C9: 1 | D9: _OPERATÖR | E9: 23764482950 | F9: 95532077 | G9: part2 | H9: VEYSEL DUYMAZ | I9: 46000 | J9: 2335 | K9: 37665 | L9: 40000
B10: 2025 | C10: 1 | D10: _ŞOFÖR | E10: 25672444846 | F10: 95693810 | G10: Part1 | H10: MUSTAFA KAHRAMAN | I10: 43000 | J10: 2000 | K10: 35499.9 | L10: 37499.9
B11: 2025 | C11: 1 | D11: _MÜHNEDİS | E11: 51994540164 | F11: 96900867 | G11: part2 | H11: DURSUN ALİ NAZİK | I11: 57500 | J11: 35000 | K11: 13000 | L11: 48000
B12: 2025 | C12: 1 | D12: _KANTAR | E12: 23713484608 | F12: 97189681 | G12: Part1 | H12: CİHAN DUYMAZ | I12: 40000 | J12: 38000 | K12: 0 | L12: 38000
B13: 2025 | C13: 1 | D13: _ŞOFÖR | E13: 0 | F13: 0 | G13: Part1 | H13: OSMAN BİLGİN | I13: 40000 | J13: 0 | K13: 33000 | L13: 33000
B14: 2025 | C14: 1 | D14: _TAMİR | E14: 14188598600 | F14: 0 | G14: Part1 | H14: ALİM MEDETOĞULLARI | I14: 48000 | J14: 48000 | K14: 0 | L14: 48000
B15: 2025 | C15: 1 | D15: _OPERATÖR | E15: 0 | F15: 0 | G15: Part1 | H15: MEHMET ALİ ALTINOK | I15: 50000 | J15: 2335 | K15: 40165 | L15: 42500
B16: 2025 | C16: 1 | D16: _OPERATÖR | E16: 20743377542 | F16: 99029232 | G16: Part1 | H16: ÜMİT YİĞİT | I16: 50000 | J16: 11333 | K16: 0 | L16: 11333
B17: 2025 | C17: 1 | D17: _MUTFAK | E17: 24235463638 | F17: 0 | G17: Part1 | H17: NERMİN ŞEN | I17: 30000 | J17: 25000 | K17: 0 | L17: 25000
B18: 2025 | C18: 1 | D18: _D.ELEMAN | E18: 0 | F18: 0 | G18: Part1 | H18: NADİR EROĞLU | I18: 0 | J18: 0 | K18: 6000 | L18: 6000
B19: 2025 | C19: 1 | D19: _BEKÇİ | E19: 0 | F19: 0 | G19: Part1 | H19: ENVER İBKİN | I19: 30000 | J19: 0 | K19: 25000 | L19: 25000
B20: 2025 | C20: 1 | D20: _ŞOFÖR | E20: 0 | F20: 0 | G20: Part1 | H20: YILMAZ YILMAZ | I20: 11920 | J20: 0 | K20: 30999.9 | L20: 30999.9
B21: 2025 | C21: 1 | D21: _ŞOFÖR | E21: 0 | F21: 0 | G21: Part1 | H21: YAŞAR COŞKUN | I21: 43000 | J21: 1603 | K21: 33000 | L21: 34603
B22: 2025 | C22: 1 | D22: 0 | E22: 0 | F22: 0 | G22: part2 | H22: SAMET EROĞLU | I22: 15000 | J22: 0 | K22: 15000 | L22: 15000
B23: 2025 | C23: 1 | D23: _OPERATÖR | E23: 22118361712 | F23: 0 | G23: Part1 | H23: HARUN ZEYBEK | I23: 50000 | J23: 30000 | K23: 2833.33 | L23: 32833.33
B24: 2025 | C24: 1 | D24: _AİLE | E24: 18736701092 | F24: 95547779 | G24: part2 | H24: Dilek TOPAL | I24: 30000 | J24: 22104 | K24: 12998 | L24: 35102
B25: 2025 | C25: 1 | D25: _AİLE | E25: 74524099796 | F25: 98127163 | G25: part2 | H25: ALFİYA FERMAN | I25: 40000 | J25: 22104 | K25: -2 | L25: 22102
B26: 2025 | C26: 1 | D26: _AİLE | E26: 0 | F26: 0 | G26: part2 | H26: YAHYA-ÖMER | I26: 30000 | J26: 0 | K26: 30000 | L26: 30000
B27: 2025 | C27: 1 | D27: _AİLE | E27: 22093575890 | F27: 96260905 | G27: part2 | H27: AJDA OZANER | I27: 50000 | J27: 30000 | K27: 50000 | L27: 80000
B28: 2025 | C28: 1 | D28: _AİLE | E28: 64996156028 | F28: 95539771 | G28: part2 | H28: MELEKNUR YILMAZ | I28: 50000 | J28: 30000 | K28: 50000 | L28: 80000
B29: 2025 | C29: 2 | D29: _MUHASEBE | E29: 28699369338 | F29: 96358353 | G29: e | H29: ABDULLAH KARAHANCI | I29: 57500 | J29: 40000 | K29: 17500 | L29: 57500
B30: 2025 | C30: 2 | D30: _D.ELEMAN | E30: 17630785580 | F30: 95529415 | G30: bnk | H30: DURSUN DURMUŞ | I30: 75000 | J30: 2670 | K30: 72330 | L30: 75000
B31: 2025 | C31: 2 | D31: _MUHASEBE | E31: 55186680706 | F31: 95787183 | G31: bnk | H31: RAMAZAN TUNCER | I31: 22104 | J31: 22104 | K31: 0 | L31: 22104
B32: 2025 | C32: 2 | D32: _D.ELEMAN | E32: 21242693324 | F32: 95532064 | G32: bnk | H32: SÜLEYMAN İP | I32: 48000 | J32: 1670 | K32: 46330 | L32: 48000
B33: 2025 | C33: 2 | D33: _D.ELEMAN | E33: 17159801204 | F33: 95532066 | G33: bnk | H33: ŞENOL DURMUŞ | I33: 52000 | J33: 40000 | K33: 12000 | L33: 52000
B34: 2025 | C34: 2 | D34: _D.ELEMAN | E34: 36826974454 | F34: 0 | G34: bnk | H34: CUMA HAVAN | I34: 34500 | J34: 22104 | K34: 12396 | L34: 34500
B35: 2025 | C35: 2 | D35: _D.ELEMAN | E35: 17917837216 | F35: 0 | G35: bnk | H35: EJDER COŞGUNOĞLU | I35: 34500 | J35: 1603 | K35: 32897 | L35: 34500
B36: 2025 | C36: 2 | D36: _OPERATÖR | E36: 23764482950 | F36: 95532077 | G36: bnk | H36: VEYSEL DUYMAZ | I36: 46000 | J36: 2335 | K36: 43665 | L36: 46000
B37: 2025 | C37: 2 | D37: _ŞOFÖR | E37: 25672444846 | F37: 95693810 | G37: bnk | H37: MUSTAFA KAHRAMAN | I37: 43000 | J37: 2000 | K37: 41000 | L37: 43000
B38: 2025 | C38: 2 | D38: _MÜHNEDİS | E38: 51994540164 | F38: 96900867 | G38: bnk | H38: DURSUN ALİ NAZİK | I38: 57500 | J38: 35000 | K38: 22500 | L38: 57500
B39: 2025 | C39: 2 | D39: _KANTAR | E39: 23713484608 | F39: 97189681 | G39: bnk | H39: CİHAN DUYMAZ | I39: 40000 | J39: 38000 | K39: 2000 | L39: 40000
B40: 2025 | C40: 2 | D40: _ŞOFÖR | E40: 0 | F40: 0 | G40: e | H40: OSMAN BİLGİN | I40: 40000 | J40: 0 | K40: 40000 | L40: 40000
B41: 2025 | C41: 2 | D41: _TAMİR | E41: 14188598600 | F41: 0 | G41: bnk | H41: ALİM MEDETOĞULLARI | I41: 48000 | J41: 48000 | K41: 0 | L41: 48000
B42: 2025 | C42: 2 | D42: _OPERATÖR | E42: 0 | F42: 0 | G42: bnk | H42: MEHMET ALİ ALTINOK | I42: 50000 | J42: 2335 | K42: 47665 | L42: 50000
B43: 2025 | C43: 2 | D43: _OPERATÖR | E43: 20743377542 | F43: 99029232 | G43: bnk | H43: ÜMİT YİĞİT | I43: 50000 | J43: 11333 | K43: 38667 | L43: 50000
B44: 2025 | C44: 2 | D44: _MUTFAK | E44: 24235463638 | F44: 0 | G44: bnk | H44: NERMİN ŞEN | I44: 30000 | J44: 25000 | K44: 5000 | L44: 30000
B45: 2025 | C45: 2 | D45: _BEKÇİ | E45: 0 | F45: 0 | G45: e | H45: ENVER İBKİN | I45: 30000 | J45: 0 | K45: 30000 | L45: 30000
B46: 2025 | C46: 2 | D46: _ŞOFÖR | E46: 0 | F46: 0 | G46: bnk | H46: YILMAZ YILMAZ | I46: 11920 | J46: 0 | K46: 21920 | L46: 21920 | M46: 10000 | N46: 10.000 SERVİS ÖDEMESİ
B47: 2025 | C47: 2 | D47: _ŞOFÖR | E47: 0 | F47: 0 | G47: bnk | H47: YAŞAR COŞKUN | I47: 43000 | J47: 1603 | K47: 43397 | L47: 45000 | M47: 2000 | N47: OCAK FARK
B48: 2025 | C48: 2 | D48: 0 | E48: 0 | F48: 0 | G48: e | H48: SAMET EROĞLU | I48: 15000 | J48: 0 | K48: 15000 | L48: 15000
B49: 2025 | C49: 2 | D49: _OPERATÖR | E49: 22118361712 | F49: 0 | G49: bnk | H49: HARUN ZEYBEK | I49: 50000 | J49: 50000 | K49: 0 | L49: 50000
B50: 2025 | C50: 2 | D50: _AİLE | E50: 18736701092 | F50: 95547779 | G50: bnk | H50: Dilek TOPAL | I50: 30000 | J50: 22104 | K50: 7896 | L50: 30000
B51: 2025 | C51: 2 | D51: _AİLE | E51: 0 | F51: 0 | G51: e | H51: FATMA KOCATÜRK | I51: 30000 | J51: 0 | K51: 30000 | L51: 30000
B52: 2025 | C52: 2 | D52: _AİLE | E52: 0 | F52: 0 | G52: e | H52: NAFAKA | I52: 50000 | J52: 0 | K52: 50000 | L52: 50000 | N52: nafaka13.000
B53: 2025 | C53: 2 | D53: _AİLE | E53: 0 | G53: e | H53: AYŞEGÜL OZANER | I53: 30000 | J53: 0 | K53: 30000 | L53: 30000
B54: 2025 | C54: 2 | D54: _AİLE | E54: 74524099796 | F54: 98127163 | G54: bnk | H54: ALFİYA FERMAN | I54: 40000 | J54: 22104 | K54: 17896 | L54: 40000
B55: 2025 | C55: 2 | D55: _AİLE | E55: 0 | F55: 0 | G55: e | H55: YAHYA-ÖMER | I55: 30000 | J55: 0 | K55: 30000 | L55: 30000
B56: 2025 | C56: 2 | D56: _AİLE | E56: 22093575890 | F56: 96260905 | G56: e | H56: AJDA OZANER | I56: 50000 | J56: 30000 | K56: 20000 | L56: 50000
B57: 2025 | C57: 2 | D57: _AİLE | E57: 64996156028 | F57: 95539771 | G57: bnk | H57: MELEKNUR YILMAZ | I57: 50000 | J57: 30000 | K57: 20000 | L57: 50000
B58: 2025 | C58: 3 | D58: _MUHASEBE | E58: 28699369338 | F58: 96358353 | G58: e | H58: ABDULLAH KARAHANCI | I58: 57500 | J58: 40000 | K58: -7500 | L58: 32500 | M58: -25000 | N58: avans
B59: 2025 | C59: 3 | D59: _D.ELEMAN | E59: 17630785580 | F59: 95529415 | G59: bnk | H59: DURSUN DURMUŞ | I59: 75000 | J59: 2670 | K59: 47330 | L59: 50000 | M59: -25000 | N59: avans
B60: 2025 | C60: 3 | D60: _MUHASEBE | E60: 55186680706 | F60: 95787183 | G60: bnk | H60: RAMAZAN TUNCER | I60: 22104 | J60: 22104 | K60: 0 | L60: 22104
B61: 2025 | C61: 3 | D61: _D.ELEMAN | E61: 21242693324 | F61: 95532064 | G61: bnk | H61: SÜLEYMAN İP | I61: 48000 | J61: 1670 | K61: 21330 | L61: 23000 | M61: -25000 | N61: avans
B62: 2025 | C62: 3 | D62: _D.ELEMAN | E62: 17159801204 | F62: 95532066 | G62: bnk | H62: ŞENOL DURMUŞ | I62: 52000 | J62: 40000 | K62: -13000 | L62: 27000 | M62: -25000 | N62: avans
B63: 2025 | C63: 3 | D63: _D.ELEMAN | E63: 36826974454 | F63: 0 | G63: bnk | H63: CUMA HAVAN | I63: 34500 | J63: 22104 | K63: -12604 | L63: 9500 | M63: -25000 | N63: avans
B64: 2025 | C64: 3 | D64: _D.ELEMAN | E64: 17917837216 | F64: 0 | G64: bnk | H64: EJDER COŞGUNOĞLU | I64: 34500 | J64: 1603 | K64: 7897 | L64: 9500 | M64: -25000 | N64: avans
B65: 2025 | C65: 3 | D65: _OPERATÖR | E65: 23764482950 | F65: 95532077 | G65: bnk | H65: VEYSEL DUYMAZ | I65: 46000 | J65: 2335 | K65: 18665 | L65: 21000 | M65: -25000 | N65: avans
B66: 2025 | C66: 3 | D66: _ŞOFÖR | E66: 25672444846 | F66: 95693810 | G66: bnk | H66: MUSTAFA KAHRAMAN | I66: 43000 | J66: 2000 | K66: 16000 | L66: 18000 | M66: -25000 | N66: avans
B67: 2025 | C67: 3 | D67: _MÜHNEDİS | E67: 51994540164 | F67: 96900867 | G67: bnk | H67: DURSUN ALİ NAZİK | I67: 57500 | J67: 35000 | K67: -2500 | L67: 32500 | M67: -25000 | N67: avans
B68: 2025 | C68: 3 | D68: _KANTAR | E68: 23713484608 | F68: 97189681 | G68: bnk | H68: CİHAN DUYMAZ | I68: 40000 | J68: 38000 | K68: -23000 | L68: 15000 | M68: -25000 | N68: avans
B69: 2025 | C69: 3 | D69: _ŞOFÖR | E69: 0 | F69: 0 | G69: e | H69: OSMAN BİLGİN | I69: 40000 | J69: 0 | K69: 15000 | L69: 15000 | M69: -25000 | N69: avans
B70: 2025 | C70: 3 | D70: _TAMİR | E70: 14188598600 | F70: 0 | G70: bnk | H70: ALİM MEDETOĞULLARI | I70: 48000 | J70: 48000 | K70: 0 | L70: 48000
B71: 2025 | C71: 3 | D71: _OPERATÖR | E71: 0 | F71: 0 | G71: bnk | H71: MEHMET ALİ ALTINOK | I71: 50000 | J71: 2335 | K71: 22665 | L71: 25000 | M71: -25000 | N71: avans
B72: 2025 | C72: 3 | D72: _OPERATÖR | E72: 20743377542 | F72: 99029232 | G72: bnk | H72: ÜMİT YİĞİT | I72: 50000 | J72: 11333 | K72: 3667 | L72: 15000 | M72: -35000 | N72: avans
B73: 2025 | C73: 3 | D73: _MUTFAK | E73: 24235463638 | F73: 0 | G73: bnk | H73: NERMİN ŞEN | I73: 30000 | J73: 25000 | K73: -20000 | L73: 5000 | M73: -25000 | N73: avans
B74: 2025 | C74: 3 | D74: _BEKÇİ | E74: 0 | F74: 0 | G74: e | H74: ENVER İBKİN | I74: 30000 | J74: 0 | K74: 5000 | L74: 5000 | M74: -25000 | N74: avans
B75: 2025 | C75: 3 | D75: _ŞOFÖR | E75: 0 | F75: 0 | G75: bnk | H75: YILMAZ YILMAZ | I75: 11920 | J75: 0 | K75: 11920 | L75: 11920
B76: 2025 | C76: 3 | D76: _ŞOFÖR | E76: 0 | F76: 0 | G76: bnk | H76: YAŞAR COŞKUN | I76: 43000 | J76: 1603 | K76: 16397 | L76: 18000 | M76: -25000 | N76: avans
B77: 2025 | C77: 3 | D77: 0 | E77: 0 | F77: 0 | G77: e | H77: SAMET EROĞLU | I77: 15000 | J77: 0 | K77: 15000 | L77: 15000
B78: 2025 | C78: 3 | D78: _OPERATÖR | E78: 22118361712 | F78: 0 | G78: bnk | H78: HARUN ZEYBEK | I78: 50000 | J78: 50000 | K78: -36667 | L78: 13333 | M78: -36667 | N78: avans
B79: 2025 | C79: 3 | D79: _OPERATÖR | E79: 14743821358 | F79: 0 | G79: bnk | H79: BEKİR BULUT | I79: 50000 | J79: 1603 | K79: 23397 | L79: 25000 | M79: -25000 | N79: avans
B80: 2025 | C80: 3 | D80: _AİLE | E80: 18736701092 | F80: 95547779 | G80: bnk | H80: Dilek TOPAL | I80: 30000 | J80: 22104 | K80: -17104 | L80: 5000 | M80: -25000 | N80: avans
B81: 2025 | C81: 3 | D81: _AİLE | E81: 0 | F81: 0 | G81: e | H81: FATMA KOCATÜRK | I81: 30000 | J81: 0 | K81: 30000 | L81: 30000
B82: 2025 | C82: 3 | D82: _AİLE | E82: 0 | F82: 0 | G82: e | H82: NAFAKA | I82: 44000 | J82: 0 | K82: 44000 | L82: 0 | M82: -44000 | N82: ÖDENDİ
B83: 2025 | C83: 3 | D83: _AİLE | E83: 0 | G83: e | H83: AYŞEGÜL OZANER | I83: 30000 | J83: 0 | K83: 5000 | L83: 5000 | M83: -25000 | N83: avans
B84: 2025 | C84: 3 | D84: _AİLE | E84: 74524099796 | F84: 98127163 | G84: bnk | H84: ALFİYA FERMAN | I84: 40000 | J84: 22104 | K84: -7104 | L84: 15000 | M84: -25000 | N84: avans
B85: 2025 | C85: 3 | D85: _AİLE | E85: 0 | F85: 0 | G85: e | H85: YAHYA-ÖMER | I85: 30000 | J85: 0 | K85: 30000 | L85: 30000
B86: 2025 | C86: 3 | D86: _AİLE | E86: 22093575890 | F86: 96260905 | G86: e | H86: AJDA OZANER | I86: 50000 | J86: 30000 | K86: -30000 | L86: 0 | M86: -50000 | N86: ÖDENDİ
B87: 2025 | C87: 3 | D87: _AİLE | E87: 64996156028 | F87: 95539771 | G87: bnk | H87: MELEKNUR YILMAZ | I87: 50000 | J87: 30000 | K87: -30000 | L87: 0 | M87: -50000 | N87: ÖDENDİ
B88: 2025 | C88: 4 | D88: _MUHASEBE | E88: 28699369338 | F88: 96358353 | H88: ABDULLAH KARAHANCI | I88: 57500 | J88: 40000 | K88: 17500 | L88: 57500 | N88: *30.000TL AVANS
B89: 2025 | C89: 4 | D89: _D.ELEMAN | E89: 17630785580 | F89: 95529415 | H89: DURSUN DURMUŞ | I89: 75000 | J89: 2670 | K89: 72330 | L89: 75000
B90: 2025 | C90: 4 | D90: _MUHASEBE | E90: 55186680706 | F90: 95787183 | H90: RAMAZAN TUNCER | I90: 22104 | J90: 22104 | K90: 0 | L90: 22104
B91: 2025 | C91: 4 | D91: _D.ELEMAN | E91: 21242693324 | F91: 95532064 | H91: SÜLEYMAN İP | I91: 48000 | J91: 1670 | K91: 46330 | L91: 48000
B92: 2025 | C92: 4 | D92: _D.ELEMAN | E92: 17159801204 | F92: 95532066 | H92: ŞENOL DURMUŞ | I92: 52000 | J92: 40000 | K92: 12000 | L92: 52000
B93: 2025 | C93: 4 | D93: _D.ELEMAN | E93: 36826974454 | F93: 0 | H93: CUMA HAVAN | I93: 34500 | J93: 22104 | K93: 12396 | L93: 34500
B94: 2025 | C94: 4 | D94: _D.ELEMAN | E94: 17917837216 | F94: 0 | H94: EJDER COŞGUNOĞLU | I94: 34500 | J94: 1603 | K94: 32897 | L94: 34500
B95: 2025 | C95: 4 | D95: _OPERATÖR | E95: 23764482950 | F95: 95532077 | H95: VEYSEL DUYMAZ | I95: 46000 | J95: 2335 | K95: 43665 | L95: 46000
B96: 2025 | C96: 4 | D96: _ŞOFÖR | E96: 25672444846 | F96: 95693810 | H96: MUSTAFA KAHRAMAN | I96: 43000 | J96: 2000 | K96: 41000 | L96: 43000
B97: 2025 | C97: 4 | D97: _MÜHNEDİS | E97: 51994540164 | F97: 96900867 | H97: DURSUN ALİ NAZİK | I97: 57500 | J97: 35000 | K97: 22500 | L97: 57500
B98: 2025 | C98: 4 | D98: _KANTAR | E98: 23713484608 | F98: 97189681 | H98: CİHAN DUYMAZ | I98: 40000 | J98: 35000 | K98: 0 | L98: 35000 | M98: -5000 | N98: 5000 AVANS
B99: 2025 | C99: 4 | D99: _ŞOFÖR | E99: 0 | F99: 0 | H99: OSMAN BİLGİN | I99: 40000 | J99: 0 | K99: 40000 | L99: 40000
B100: 2025 | C100: 4 | D100: _OPERATÖR | E100: 0 | F100: 0 | H100: MEHMET ALİ ALTINOK | I100: 50000 | J100: 2335 | K100: 47665 | L100: 50000
...

Sheet Sayfa5
A1: ADI-SOYADI | B1: İŞE BAŞLANGIÇ | C1: KALAN YILLIK İZİN
A2: ABDULLAH KARAHANCI | B2: 43869 | C2: - | F2: ABDULLAH KARAHANCI
A3: DURSUN DURMUŞ | B3: 42902 | C3: - | F3: DURSUN DURMUŞ
A4: RAMAZAN TUNCER | B4: 44109 | C4: - | F4: RAMAZAN TUNCER
A5: SÜLEYMAN İP | B5: 44993 | C5: - | F5: SÜLEYMAN İP
A6: ŞENOL DURMUŞ | B6: 41863 | C6: - | F6: ŞENOL DURMUŞ
A7: EJDER COŞGUNOĞLU | B7: 45628 | C7: - | F7: EJDER COŞGUNOĞLU
A8: VEYSEL DUYMAZ | B8: 44058 | F8: VEYSEL DUYMAZ
A9: MUSTAFA KAHRAMAN | B9: 45767 | C9: - | F9: MUSTAFA KAHRAMAN
A10: DURSUN ALİ NAZİK | B10: 44158 | F10: DURSUN ALİ NAZİK
A11: CİHAN DUYMAZ | B11: 44317 | F11: CİHAN DUYMAZ
A12: OSMAN BİLGİN | B12: 45548 | F12: OSMAN BİLGİN
A13: MEHMET ALİ ALTINOK | B13: 45668 | C13: - | F13: MEHMET ALİ ALTINOK
A14: BEKİR BULUT | B14: 45757 | C14: - | F14: BEKİR BULUT
A15: NERMİN ŞEN | B15: 45345 | F15: NERMİN ŞEN
A16: ENVER İBKİN | B16: 45479 | F16: ENVER İBKİN
A17: YAŞAR COŞKUN | B17: 45565 | C17: - | F17: YAŞAR COŞKUN
A18: MURAT EROL | B18: 45762 | C18: - | F18: VOLKAN KATRI
A19: AYHAN DOĞRU | B19: 45757 | C19: - | F19: AYHAN DOĞRU
A20: ARZU DANACI | B20: 45809 | C20: - | F20: ARZU DANACI

Sheet Sayfa6
A1: ABDULLAH KARAHANCI | B1: MUHASEBE
A2: DURSUN DURMUŞ | B2: ATEŞÇİ
A3: RAMAZAN TUNCER | B3: MUHASEBE
A4: SÜLEYMAN İP | B4: KONKOSÖR OP.
A5: ŞENOL DURMUŞ | B5: ROK OP.
A6: EJDER COŞGUNOĞLU | B6: KONKOSÖR PERSONEL
A7: VEYSEL DUYMAZ | B7: MEYDANCI
A8: MUSTAFA KAHRAMAN | B8: KAMYON ŞÖF.
A9: DURSUN ALİ NAZİK | B9: MADEN MÜHENDİSİ
A10: CİHAN DUYMAZ | B10: KANTARCI
A11: OSMAN BİLGİN | B11: KADEME
A12: MEHMET ALİ ALTINOK | B12: LODER OP.
... A23: MELEKNUR YILMAZ | B23: MUHASEBE
